Date,Temperature,pH,EC,Salinity,Place
9/12/2022 17:00,28.94,3.58,79.09,0.05,วัดคลองเขื่อน
9/12/2022 16:00,29,3.58,77.63,0.05,วัดคลองเขื่อน
9/12/2022 15:00,29,3.58,70.98,0.05,วัดคลองเขื่อน
9/12/2022 14:00,29,3.6,66.03,0.04,วัดคลองเขื่อน
9/12/2022 13:00,29,3.57,72.9,0.05,วัดคลองเขื่อน
9/12/2022 12:00,29,3.59,78.96,0.05,วัดคลองเขื่อน
9/12/2022 11:00,28.94,3.56,78.68,0.05,วัดคลองเขื่อน
9/12/2022 10:00,28.94,3.6,77.6,0.05,วัดคลองเขื่อน
9/12/2022 9:00,28.88,3.63,63.15,0.04,วัดคลองเขื่อน
9/12/2022 8:00,28.88,3.66,61.42,0.04,วัดคลองเขื่อน
9/12/2022 7:00,28.88,3.65,63.63,0.04,วัดคลองเขื่อน
9/12/2022 6:00,28.94,3.66,68.86,0.04,วัดคลองเขื่อน
9/12/2022 5:00,28.94,3.67,75.83,0.05,วัดคลองเขื่อน
9/12/2022 4:00,29,3.68,74.14,0.05,วัดคลองเขื่อน
9/12/2022 3:00,29,3.69,85.13,0.05,วัดคลองเขื่อน
9/12/2022 2:00,29,3.69,85.59,0.05,วัดคลองเขื่อน
9/12/2022 1:00,29,3.71,87.82,0.06,วัดคลองเขื่อน
9/12/2022 0:00,29,3.7,93.18,0.06,วัดคลองเขื่อน
9/11/2022 23:00,29.06,3.65,101.7,0.07,วัดคลองเขื่อน
9/11/2022 22:00,29.06,3.66,102.7,0.07,วัดคลองเขื่อน
9/11/2022 21:00,29.06,3.68,104.8,0.07,วัดคลองเขื่อน
9/11/2022 20:00,29.06,3.54,105.2,0.07,วัดคลองเขื่อน
9/11/2022 19:00,29.13,3.55,104.7,0.07,วัดคลองเขื่อน
9/11/2022 18:00,29.13,3.41,112.2,0.07,วัดคลองเขื่อน
9/11/2022 17:00,29.13,3.4,110,0.07,วัดคลองเขื่อน
9/11/2022 16:00,29.13,3.43,113,0.07,วัดคลองเขื่อน
9/11/2022 15:00,29.19,3.44,110.8,0.07,วัดคลองเขื่อน
9/11/2022 14:00,29.19,3.62,111,0.07,วัดคลองเขื่อน
9/11/2022 13:00,29.19,3.61,101.9,0.07,วัดคลองเขื่อน
9/11/2022 12:00,29.13,3.6,109.6,0.07,วัดคลองเขื่อน
9/11/2022 11:00,29.06,3.64,95.37,0.06,วัดคลองเขื่อน
9/11/2022 10:00,29.06,4.15,84.92,0.05,วัดคลองเขื่อน
9/11/2022 9:00,29,4.28,85.4,0.05,วัดคลองเขื่อน
9/11/2022 8:00,29,4.3,88.31,0.06,วัดคลองเขื่อน
9/11/2022 7:00,29,4.33,92.75,0.06,วัดคลองเขื่อน
9/11/2022 6:00,29,4.3,101.7,0.07,วัดคลองเขื่อน
9/11/2022 5:00,29,4.29,106.3,0.07,วัดคลองเขื่อน
9/11/2022 0:00,29,4.38,100.2,0.06,วัดคลองเขื่อน
9/10/2022 23:00,29.06,4.37,106.2,0.07,วัดคลองเขื่อน
9/10/2022 22:00,29.06,4.44,107.7,0.07,วัดคลองเขื่อน
9/10/2022 21:00,29.06,4.4,110.2,0.07,วัดคลองเขื่อน
9/10/2022 20:00,29.13,4.43,107.8,0.07,วัดคลองเขื่อน
9/10/2022 19:00,29.13,4.46,106.5,0.07,วัดคลองเขื่อน
9/10/2022 18:00,29.13,4.42,108.5,0.07,วัดคลองเขื่อน
9/10/2022 17:00,29.13,4.4,114.6,0.07,วัดคลองเขื่อน
9/10/2022 16:00,29.19,4.41,118.4,0.08,วัดคลองเขื่อน
9/10/2022 15:00,29.19,4.39,106.6,0.07,วัดคลองเขื่อน
9/10/2022 14:00,29.19,4.4,99.1,0.06,วัดคลองเขื่อน
9/10/2022 13:00,29.06,4.37,93.68,0.06,วัดคลองเขื่อน
9/10/2022 12:00,29.06,4.39,79.09,0.05,วัดคลองเขื่อน
9/10/2022 11:00,29,4.4,79.97,0.05,วัดคลองเขื่อน
9/10/2022 10:00,29,4.42,68.72,0.04,วัดคลองเขื่อน
9/9/2022 23:00,29.06,4.39,108.1,0.07,วัดคลองเขื่อน
9/9/2022 22:00,29.13,4.38,106,0.07,วัดคลองเขื่อน
9/9/2022 21:00,29.06,4.38,106.2,0.07,วัดคลองเขื่อน
9/9/2022 20:00,29.06,4.39,105.5,0.07,วัดคลองเขื่อน
9/9/2022 19:00,29.06,4.38,105.6,0.07,วัดคลองเขื่อน
9/9/2022 18:00,29.06,4.36,106.4,0.07,วัดคลองเขื่อน
9/9/2022 17:00,29.06,4.35,112.7,0.07,วัดคลองเขื่อน
9/9/2022 16:00,29.06,4.34,121.1,0.08,วัดคลองเขื่อน
9/9/2022 15:00,29.06,4.32,116,0.07,วัดคลองเขื่อน
9/9/2022 14:00,29,4.33,108.6,0.07,วัดคลองเขื่อน
9/9/2022 13:00,29,4.35,111.8,0.07,วัดคลองเขื่อน
9/9/2022 12:00,29,4.31,117.2,0.08,วัดคลองเขื่อน
9/9/2022 11:00,28.94,4.33,120.3,0.08,วัดคลองเขื่อน
9/9/2022 10:00,28.88,4.34,103,0.07,วัดคลองเขื่อน
9/9/2022 9:00,28.81,4.32,92.41,0.06,วัดคลองเขื่อน
9/9/2022 8:00,28.81,4.3,84.55,0.05,วัดคลองเขื่อน
9/9/2022 7:00,28.81,4.32,78.01,0.05,วัดคลองเขื่อน
9/9/2022 6:00,28.88,4.29,79.76,0.05,วัดคลองเขื่อน
9/9/2022 5:00,28.88,4.3,82.39,0.05,วัดคลองเขื่อน
9/9/2022 4:00,28.88,4.3,85.6,0.05,วัดคลองเขื่อน
9/9/2022 3:00,28.94,4.31,88.41,0.06,วัดคลองเขื่อน
9/9/2022 2:00,28.94,4.31,94.87,0.06,วัดคลองเขื่อน
9/9/2022 1:00,28.94,4.35,93.57,0.06,วัดคลองเขื่อน
9/9/2022 0:00,28.94,4.33,92.28,0.06,วัดคลองเขื่อน
9/8/2022 23:00,29,4.31,95.83,0.06,วัดคลองเขื่อน
9/8/2022 22:00,29.06,4.34,102.2,0.07,วัดคลองเขื่อน
9/8/2022 21:00,29.13,4.32,101.9,0.07,วัดคลองเขื่อน
9/8/2022 20:00,29.06,4.35,97.21,0.06,วัดคลองเขื่อน
9/8/2022 19:00,29.06,4.38,95.91,0.06,วัดคลองเขื่อน
9/8/2022 18:00,29.13,4.42,95.46,0.06,วัดคลองเขื่อน
9/8/2022 17:00,29.13,4.51,95.39,0.06,วัดคลองเขื่อน
9/8/2022 16:00,29,4.47,88.88,0.06,วัดคลองเขื่อน
9/8/2022 15:00,29.06,4.35,88.85,0.06,วัดคลองเขื่อน
9/8/2022 14:00,29.25,4.33,92.19,0.06,วัดคลองเขื่อน
9/8/2022 13:00,29.31,4.33,84.73,0.05,วัดคลองเขื่อน
9/8/2022 12:00,29.31,4.3,79.21,0.05,วัดคลองเขื่อน
9/8/2022 11:00,29.31,4.29,78.14,0.05,วัดคลองเขื่อน
9/8/2022 10:00,29.25,4.29,76.19,0.05,วัดคลองเขื่อน
9/8/2022 9:00,29.19,4.3,68.88,0.04,วัดคลองเขื่อน
9/8/2022 8:00,29.19,4.29,65.16,0.04,วัดคลองเขื่อน
9/8/2022 7:00,29.19,4.35,64.17,0.04,วัดคลองเขื่อน
9/8/2022 6:00,29.19,4.32,69.2,0.04,วัดคลองเขื่อน
9/8/2022 5:00,29.19,4.35,75.07,0.05,วัดคลองเขื่อน
9/8/2022 4:00,29.19,4.36,74.1,0.05,วัดคลองเขื่อน
9/8/2022 3:00,29.25,4.35,76.8,0.05,วัดคลองเขื่อน
9/8/2022 2:00,29.25,4.39,86.82,0.06,วัดคลองเขื่อน
9/8/2022 1:00,29.25,4.38,95.28,0.06,วัดคลองเขื่อน
9/8/2022 0:00,29.31,4.38,100,0.06,วัดคลองเขื่อน
9/7/2022 23:00,29.31,4.37,84.53,0.05,วัดคลองเขื่อน
9/7/2022 22:00,29.38,4.38,92.2,0.06,วัดคลองเขื่อน
9/7/2022 21:00,29.38,4.43,94.12,0.06,วัดคลองเขื่อน
9/7/2022 20:00,29.38,4.36,95.46,0.06,วัดคลองเขื่อน
9/7/2022 19:00,29.38,4.33,94.12,0.06,วัดคลองเขื่อน
9/7/2022 18:00,29.44,4.34,97.2,0.06,วัดคลองเขื่อน
9/7/2022 17:00,29.44,4.31,131.3,0.08,วัดคลองเขื่อน
9/7/2022 16:00,29.44,4.31,136.2,0.09,วัดคลองเขื่อน
9/7/2022 15:00,29.44,4.32,142.5,0.09,วัดคลองเขื่อน
9/7/2022 14:00,29.44,4.42,143.6,0.09,วัดคลองเขื่อน
9/7/2022 13:00,29.44,4.43,139.8,0.09,วัดคลองเขื่อน
9/7/2022 12:00,29.38,4.46,125.2,0.08,วัดคลองเขื่อน
9/7/2022 11:00,29.31,4.39,107.4,0.07,วัดคลองเขื่อน
9/7/2022 10:00,29.31,4.38,105.6,0.07,วัดคลองเขื่อน
9/7/2022 9:00,29.31,4.32,121.1,0.08,วัดคลองเขื่อน
9/7/2022 8:00,29.25,4.32,120.5,0.08,วัดคลองเขื่อน
9/7/2022 7:00,29.25,4.36,110.6,0.07,วัดคลองเขื่อน
9/7/2022 6:00,29.31,4.37,116.2,0.07,วัดคลองเขื่อน
9/7/2022 5:00,29.25,4.44,124.3,0.08,วัดคลองเขื่อน
9/7/2022 4:00,29.31,3.25,51.33,0.03,วัดคลองเขื่อน
9/7/2022 3:00,29.38,3.26,61.6,0.04,วัดคลองเขื่อน
9/7/2022 2:00,29.38,3.29,65.46,0.04,วัดคลองเขื่อน
9/7/2022 1:00,29.38,3.28,64.86,0.04,วัดคลองเขื่อน
9/7/2022 0:00,29.44,3.3,56.25,0.04,วัดคลองเขื่อน
9/6/2022 23:00,29.44,3.34,61.19,0.04,วัดคลองเขื่อน
9/6/2022 22:00,29.44,3.32,65.89,0.04,วัดคลองเขื่อน
9/6/2022 21:00,29.44,3.32,69.46,0.04,วัดคลองเขื่อน
9/6/2022 20:00,29.44,3.33,72.36,0.05,วัดคลองเขื่อน
9/6/2022 19:00,29.5,3.26,76.7,0.05,วัดคลองเขื่อน
9/6/2022 18:00,29.5,3.28,80.53,0.05,วัดคลองเขื่อน
9/6/2022 17:00,29.56,3.27,85.22,0.05,วัดคลองเขื่อน
9/6/2022 16:00,29.56,3.27,87.39,0.06,วัดคลองเขื่อน
9/6/2022 15:00,29.56,3.27,90.58,0.06,วัดคลองเขื่อน
9/6/2022 14:00,29.56,3.27,85.7,0.05,วัดคลองเขื่อน
9/6/2022 13:00,29.5,3.28,93.39,0.06,วัดคลองเขื่อน
9/6/2022 12:00,29.56,3.24,85.3,0.05,วัดคลองเขื่อน
9/6/2022 11:00,29.5,3.22,86.57,0.06,วัดคลองเขื่อน
9/6/2022 10:00,29.5,3.23,88.13,0.06,วัดคลองเขื่อน
9/6/2022 9:00,29.5,3.25,50.81,0.03,วัดคลองเขื่อน
9/6/2022 8:00,29.44,3.25,49.79,0.03,วัดคลองเขื่อน
9/6/2022 7:00,29.44,3.27,47.25,0.03,วัดคลองเขื่อน
9/6/2022 6:00,29.5,3.27,44.17,0.03,วัดคลองเขื่อน
9/6/2022 5:00,29.5,3.26,45.88,0.03,วัดคลองเขื่อน
9/6/2022 4:00,29.5,3.26,29.88,0.02,วัดคลองเขื่อน
9/6/2022 3:00,29.5,3.26,37.16,0.02,วัดคลองเขื่อน
9/6/2022 2:00,29.56,3.23,35.63,0.02,วัดคลองเขื่อน
9/6/2022 1:00,29.56,3.25,31.12,0.02,วัดคลองเขื่อน
9/6/2022 0:00,29.56,3.24,30.57,0.02,วัดคลองเขื่อน
9/5/2022 23:00,29.56,3.26,30.88,0.02,วัดคลองเขื่อน
9/5/2022 22:00,29.63,3.25,31.98,0.02,วัดคลองเขื่อน
9/5/2022 21:00,29.63,3.24,38.2,0.02,วัดคลองเขื่อน
9/5/2022 20:00,29.69,3.23,47.14,0.03,วัดคลองเขื่อน
9/5/2022 19:00,29.69,3.27,50.2,0.03,วัดคลองเขื่อน
9/5/2022 18:00,29.75,3.26,53.01,0.03,วัดคลองเขื่อน
9/5/2022 17:00,29.81,3.23,59.2,0.04,วัดคลองเขื่อน
9/5/2022 16:00,29.75,3.24,62.73,0.04,วัดคลองเขื่อน
9/5/2022 15:00,29.81,3.23,65.06,0.04,วัดคลองเขื่อน
9/5/2022 14:00,29.75,3.21,65.43,0.04,วัดคลองเขื่อน
9/5/2022 13:00,29.81,3.21,62.59,0.04,วัดคลองเขื่อน
9/5/2022 12:00,29.75,3.22,54.46,0.03,วัดคลองเขื่อน
9/5/2022 11:00,29.69,3.22,45.27,0.03,วัดคลองเขื่อน
9/5/2022 10:00,29.69,3.22,47.8,0.03,วัดคลองเขื่อน
9/5/2022 9:00,29.69,3.21,38.49,0.02,วัดคลองเขื่อน
9/5/2022 8:00,29.69,3.23,21.45,0.01,วัดคลองเขื่อน
9/5/2022 7:00,29.75,3.21,17.67,0.01,วัดคลองเขื่อน
9/5/2022 6:00,29.69,3.21,23.05,0.01,วัดคลองเขื่อน
9/5/2022 5:00,29.69,3.22,26.28,0.02,วัดคลองเขื่อน
9/5/2022 4:00,29.69,3.22,29.66,0.02,วัดคลองเขื่อน
9/5/2022 3:00,29.75,3.21,27.22,0.02,วัดคลองเขื่อน
9/5/2022 2:00,29.75,3.22,28.38,0.02,วัดคลองเขื่อน
9/5/2022 1:00,29.75,3.22,25.41,0.02,วัดคลองเขื่อน
9/5/2022 0:00,29.75,3.22,23.46,0.02,วัดคลองเขื่อน
9/4/2022 23:00,29.75,3.19,22.58,0.01,วัดคลองเขื่อน
9/4/2022 22:00,29.75,3.22,21.06,0.01,วัดคลองเขื่อน
9/4/2022 21:00,29.81,3.19,24.51,0.02,วัดคลองเขื่อน
9/4/2022 20:00,29.88,3.21,27.09,0.02,วัดคลองเขื่อน
9/4/2022 19:00,29.94,3.2,32.91,0.02,วัดคลองเขื่อน
9/4/2022 18:00,29.94,3.21,45.06,0.03,วัดคลองเขื่อน
9/4/2022 17:00,30,3.22,49.71,0.03,วัดคลองเขื่อน
9/4/2022 16:00,30,3.22,52.26,0.03,วัดคลองเขื่อน
9/4/2022 15:00,30,3.23,54.83,0.04,วัดคลองเขื่อน
9/4/2022 14:00,29.94,3.19,56.65,0.04,วัดคลองเขื่อน
9/4/2022 13:00,29.94,3.18,57.29,0.04,วัดคลองเขื่อน
9/4/2022 12:00,29.88,3.19,47.76,0.03,วัดคลองเขื่อน
9/4/2022 11:00,29.81,3.1,53.94,0.03,วัดคลองเขื่อน
9/4/2022 10:00,29.75,3.13,52.44,0.03,วัดคลองเขื่อน
9/4/2022 9:00,29.75,3.15,42.92,0.03,วัดคลองเขื่อน
9/4/2022 8:00,29.75,3.06,31.92,0.02,วัดคลองเขื่อน
9/4/2022 7:00,29.69,3.03,29.14,0.02,วัดคลองเขื่อน
9/4/2022 6:00,29.75,3.01,42.27,0.03,วัดคลองเขื่อน
9/4/2022 5:00,29.75,3.09,39.22,0.03,วัดคลองเขื่อน
9/4/2022 4:00,29.75,3.12,39.27,0.03,วัดคลองเขื่อน
9/4/2022 3:00,29.75,3.1,42.9,0.03,วัดคลองเขื่อน
9/4/2022 2:00,29.81,3.13,26.58,0.02,วัดคลองเขื่อน
9/4/2022 1:00,29.81,3.13,24.87,0.02,วัดคลองเขื่อน
9/4/2022 0:00,29.81,3.13,25.39,0.02,วัดคลองเขื่อน
9/3/2022 23:00,29.81,3.14,25.66,0.02,วัดคลองเขื่อน
9/3/2022 22:00,29.81,3.09,26.38,0.02,วัดคลองเขื่อน
9/3/2022 21:00,29.88,3.11,20.82,0.01,วัดคลองเขื่อน
9/3/2022 20:00,29.88,3.12,22.08,0.01,วัดคลองเขื่อน
9/3/2022 19:00,29.94,3.13,38.84,0.02,วัดคลองเขื่อน
9/3/2022 18:00,30,3.12,35.9,0.02,วัดคลองเขื่อน
9/3/2022 17:00,30.06,3.1,36.89,0.02,วัดคลองเขื่อน
9/3/2022 16:00,30.13,3.13,43.54,0.03,วัดคลองเขื่อน
9/3/2022 15:00,30.13,3.17,39.58,0.03,วัดคลองเขื่อน
9/3/2022 14:00,30.06,3.17,48.5,0.03,วัดคลองเขื่อน
9/3/2022 13:00,30.06,3.07,35.35,0.02,วัดคลองเขื่อน
9/3/2022 12:00,30,3.1,27.63,0.02,วัดคลองเขื่อน
9/3/2022 11:00,30,3.09,32.3,0.02,วัดคลองเขื่อน
9/3/2022 10:00,29.94,3.1,18.46,0.01,วัดคลองเขื่อน
9/3/2022 9:00,29.94,3.1,11.87,0.01,วัดคลองเขื่อน
9/3/2022 8:00,29.88,3.14,13.83,0.01,วัดคลองเขื่อน
9/3/2022 7:00,29.81,3.14,15.42,0.01,วัดคลองเขื่อน
9/3/2022 6:00,29.88,3.17,19.74,0.01,วัดคลองเขื่อน
9/3/2022 5:00,29.88,3.18,20.55,0.01,วัดคลองเขื่อน
9/3/2022 4:00,29.81,3.14,23.93,0.02,วัดคลองเขื่อน
9/3/2022 3:00,29.81,3.15,26.61,0.02,วัดคลองเขื่อน
9/3/2022 2:00,29.75,3.13,24.85,0.02,วัดคลองเขื่อน
9/3/2022 1:00,29.75,3.16,24.09,0.02,วัดคลองเขื่อน
9/3/2022 0:00,29.75,3.15,31.45,0.02,วัดคลองเขื่อน
9/2/2022 23:00,29.81,3.18,30.85,0.02,วัดคลองเขื่อน
9/2/2022 22:00,29.81,3.12,25.74,0.02,วัดคลองเขื่อน
9/2/2022 21:00,29.81,3.11,27.55,0.02,วัดคลองเขื่อน
9/2/2022 20:00,29.81,3.12,20.75,0.01,วัดคลองเขื่อน
9/2/2022 19:00,26.13,3.11,87.06,0.06,วัดคลองเขื่อน
9/2/2022 18:00,27.94,3.09,104,0.07,วัดคลองเขื่อน
9/2/2022 17:00,34.19,3.05,91.82,0.06,วัดคลองเขื่อน
9/2/2022 16:00,42.19,3.04,82.76,0.05,วัดคลองเขื่อน
9/2/2022 15:00,41,3.05,84.66,0.05,วัดคลองเขื่อน
9/2/2022 14:00,43.69,3.07,83.22,0.05,วัดคลองเขื่อน
9/2/2022 13:00,38.88,3.03,81.71,0.05,วัดคลองเขื่อน
9/2/2022 12:00,43.31,3.05,87.8,0.06,วัดคลองเขื่อน
9/2/2022 11:00,41.88,3.04,90.28,0.06,วัดคลองเขื่อน
9/2/2022 10:00,43.25,2.97,85.92,0.05,วัดคลองเขื่อน
9/2/2022 9:00,35.5,3.02,73.66,0.05,วัดคลองเขื่อน
9/2/2022 8:00,34.81,3.01,73.68,0.05,วัดคลองเขื่อน
9/2/2022 7:00,29.19,3.06,74.01,0.05,วัดคลองเขื่อน
9/2/2022 6:00,26.69,3.11,80.95,0.05,วัดคลองเขื่อน
9/2/2022 5:00,26.5,3.08,78.41,0.05,วัดคลองเขื่อน
9/2/2022 4:00,26.88,3.12,74.83,0.05,วัดคลองเขื่อน
9/2/2022 3:00,27,3.45,79.36,0.05,วัดคลองเขื่อน
9/2/2022 1:00,28.19,3.21,77.26,0.05,วัดคลองเขื่อน
9/2/2022 0:00,29.44,3.13,81.54,0.05,วัดคลองเขื่อน
9/1/2022 23:00,29.44,3.18,84.01,0.05,วัดคลองเขื่อน
9/1/2022 22:00,29.44,3.17,81.7,0.05,วัดคลองเขื่อน
9/1/2022 21:00,29.56,3.19,65.94,0.04,วัดคลองเขื่อน
9/1/2022 20:00,30.56,3.18,59.48,0.04,วัดคลองเขื่อน
9/1/2022 19:00,31.38,3.17,63.75,0.04,วัดคลองเขื่อน
9/1/2022 18:00,33.94,3.15,73.77,0.05,วัดคลองเขื่อน
9/1/2022 17:00,34.88,3.14,77.71,0.05,วัดคลองเขื่อน
9/1/2022 16:00,37.31,3.16,60.61,0.04,วัดคลองเขื่อน
9/1/2022 15:00,35.63,3.11,59.03,0.04,วัดคลองเขื่อน
9/1/2022 14:00,42,3.13,57.9,0.04,วัดคลองเขื่อน
9/1/2022 13:00,42.38,3.09,66.2,0.04,วัดคลองเขื่อน
9/1/2022 12:00,40.81,3.12,70.27,0.04,วัดคลองเขื่อน
9/1/2022 11:00,45.69,3.16,72.62,0.05,วัดคลองเขื่อน
9/1/2022 10:00,42.38,3.26,72.95,0.05,วัดคลองเขื่อน
8/30/2022 23:00,28.94,4.58,73.46,0.05,วัดคลองเขื่อน
8/30/2022 0:00,28.69,4.19,62.69,0.04,วัดคลองเขื่อน
8/29/2022 23:00,28.75,4.18,68.19,0.04,วัดคลองเขื่อน
8/29/2022 22:00,28.75,3.77,66.48,0.04,วัดคลองเขื่อน
8/29/2022 21:00,28.75,3.44,63.53,0.04,วัดคลองเขื่อน
8/29/2022 20:00,28.75,2.7,35.97,0.02,วัดคลองเขื่อน
8/29/2022 19:00,28.81,2.81,35.36,0.02,วัดคลองเขื่อน
8/29/2022 18:00,28.88,3.51,40.91,0.03,วัดคลองเขื่อน
8/29/2022 17:00,28.88,3.52,37.56,0.02,วัดคลองเขื่อน
8/29/2022 16:00,28.94,3.53,26.98,0.02,วัดคลองเขื่อน
8/29/2022 15:00,28.94,3.54,20.5,0.01,วัดคลองเขื่อน
8/29/2022 14:00,29,3.64,22.6,0.01,วัดคลองเขื่อน
8/29/2022 13:00,29.06,3.75,28.05,0.02,วัดคลองเขื่อน
8/29/2022 12:00,29.06,4,32.56,0.02,วัดคลองเขื่อน
8/29/2022 11:00,29,4.03,25.26,0.02,วัดคลองเขื่อน
8/29/2022 10:00,29,4.07,27.04,0.02,วัดคลองเขื่อน
8/29/2022 9:00,28.94,3.99,10.98,0.01,วัดคลองเขื่อน
8/29/2022 8:00,28.94,3.98,13.57,0.01,วัดคลองเขื่อน
8/29/2022 6:00,28.94,4.17,15.21,0.01,วัดคลองเขื่อน
8/29/2022 5:00,29,4.24,20.23,0.01,วัดคลองเขื่อน
8/29/2022 4:00,28.94,4.2,45.55,0.03,วัดคลองเขื่อน
8/29/2022 3:00,29,4.24,58.02,0.04,วัดคลองเขื่อน
8/29/2022 2:00,29.06,4.34,62.89,0.04,วัดคลองเขื่อน
8/29/2022 1:00,29.06,4.37,69.06,0.04,วัดคลองเขื่อน
8/29/2022 0:00,29.13,4.22,76.77,0.05,วัดคลองเขื่อน
8/28/2022 23:00,29.13,2.5,86.89,0.06,วัดคลองเขื่อน
8/28/2022 21:00,29.19,4.65,96.92,0.06,วัดคลองเขื่อน
8/28/2022 20:00,29.19,4.58,95.75,0.06,วัดคลองเขื่อน
8/28/2022 19:00,29.19,4.56,96.07,0.06,วัดคลองเขื่อน
8/28/2022 18:00,29.25,4.08,104.5,0.07,วัดคลองเขื่อน
8/28/2022 17:00,29.25,4.04,97.38,0.06,วัดคลองเขื่อน
8/28/2022 16:00,29.25,4.03,97.33,0.06,วัดคลองเขื่อน
8/28/2022 15:00,29.25,4.22,90.5,0.06,วัดคลองเขื่อน
8/28/2022 14:00,29.31,4.46,89.19,0.06,วัดคลองเขื่อน
8/28/2022 13:00,29.31,4.52,86.82,0.06,วัดคลองเขื่อน
8/28/2022 12:00,29.25,4.55,88.8,0.06,วัดคลองเขื่อน
8/28/2022 11:00,29.06,4.6,87.87,0.06,วัดคลองเขื่อน
8/28/2022 10:00,29.06,4.6,80.37,0.05,วัดคลองเขื่อน
8/28/2022 9:00,29,4.63,78.91,0.05,วัดคลองเขื่อน
8/28/2022 8:00,29,4.64,79.17,0.05,วัดคลองเขื่อน
8/28/2022 7:00,29,4.74,79.78,0.05,วัดคลองเขื่อน
8/28/2022 6:00,29,4.71,83.56,0.05,วัดคลองเขื่อน
8/28/2022 5:00,29,4.72,86.63,0.06,วัดคลองเขื่อน
8/28/2022 4:00,29,4.73,91.32,0.06,วัดคลองเขื่อน
8/28/2022 3:00,29.06,4.71,90.96,0.06,วัดคลองเขื่อน
8/28/2022 2:00,29.06,4.73,101.6,0.07,วัดคลองเขื่อน
8/28/2022 1:00,29.06,4.24,103.8,0.07,วัดคลองเขื่อน
8/28/2022 0:00,29.06,4.25,105,0.07,วัดคลองเขื่อน
8/27/2022 23:00,29.06,4.26,108.9,0.07,วัดคลองเขื่อน
8/27/2022 22:00,29.06,4.27,110.1,0.07,วัดคลองเขื่อน
8/27/2022 21:00,29.13,4.26,111.1,0.07,วัดคลองเขื่อน
8/27/2022 20:00,29.13,4.25,113.2,0.07,วัดคลองเขื่อน
8/27/2022 19:00,29.13,4.24,111.8,0.07,วัดคลองเขื่อน
8/27/2022 18:00,29.13,4.25,114.3,0.07,วัดคลองเขื่อน
8/27/2022 17:00,29.13,4.23,113.4,0.07,วัดคลองเขื่อน
8/27/2022 16:00,29.19,4.26,107.8,0.07,วัดคลองเขื่อน
8/27/2022 15:00,29.19,4.25,109.2,0.07,วัดคลองเขื่อน
8/27/2022 14:00,29.25,4.23,104,0.07,วัดคลองเขื่อน
8/27/2022 13:00,29.25,4.24,98.63,0.06,วัดคลองเขื่อน
8/27/2022 12:00,29.13,3.82,101.2,0.06,วัดคลองเขื่อน
8/27/2022 11:00,29.13,4.39,103.9,0.07,วัดคลองเขื่อน
8/27/2022 10:00,29.13,4.54,94.03,0.06,วัดคลองเขื่อน
8/27/2022 9:00,29.13,4.56,88.42,0.06,วัดคลองเขื่อน
8/27/2022 8:00,29.13,4.58,87.76,0.06,วัดคลองเขื่อน
8/27/2022 7:00,29.19,4.61,88.51,0.06,วัดคลองเขื่อน
8/27/2022 6:00,29.19,4.62,88.93,0.06,วัดคลองเขื่อน
8/27/2022 5:00,29.25,4.12,94.41,0.06,วัดคลองเขื่อน
8/27/2022 4:00,29.25,4.25,99.02,0.06,วัดคลองเขื่อน
8/27/2022 3:00,29.31,4.3,104.9,0.07,วัดคลองเขื่อน
8/27/2022 2:00,29.31,4.13,114,0.07,วัดคลองเขื่อน
8/27/2022 1:00,29.38,4.15,119.2,0.08,วัดคลองเขื่อน
8/27/2022 0:00,29.38,4.18,121.7,0.08,วัดคลองเขื่อน
8/26/2022 23:00,29.44,4.19,117.9,0.08,วัดคลองเขื่อน
8/26/2022 22:00,29.44,4.23,115.9,0.07,วัดคลองเขื่อน
8/26/2022 21:00,29.44,4.24,114.4,0.07,วัดคลองเขื่อน
8/26/2022 20:00,29.5,4.19,113.7,0.07,วัดคลองเขื่อน
8/26/2022 19:00,29.56,4.23,114.3,0.07,วัดคลองเขื่อน
8/26/2022 18:00,29.56,4.13,112.8,0.07,วัดคลองเขื่อน
8/26/2022 17:00,29.56,3.79,114.3,0.07,วัดคลองเขื่อน
8/26/2022 16:00,29.63,4.48,118.1,0.08,วัดคลองเขื่อน
8/26/2022 15:00,29.63,4.55,118.7,0.08,วัดคลองเขื่อน
8/26/2022 14:00,29.63,4.83,119.4,0.08,วัดคลองเขื่อน
8/26/2022 13:00,29.63,4.16,112.4,0.07,วัดคลองเขื่อน
8/26/2022 12:00,29.63,4.07,115.6,0.07,วัดคลองเขื่อน
8/26/2022 11:00,29.75,3.86,110,0.07,วัดคลองเขื่อน
8/26/2022 10:00,29.69,3.83,110.8,0.07,วัดคลองเขื่อน
8/26/2022 9:00,29.63,3.84,110.1,0.07,วัดคลองเขื่อน
8/26/2022 8:00,29.63,4.8,108.6,0.07,วัดคลองเขื่อน
8/26/2022 7:00,29.63,4.79,106.4,0.07,วัดคลองเขื่อน
8/26/2022 6:00,29.63,3.9,107.3,0.07,วัดคลองเขื่อน
8/26/2022 5:00,29.63,4.73,109.8,0.07,วัดคลองเขื่อน
8/26/2022 4:00,29.69,4.79,114.2,0.07,วัดคลองเขื่อน
8/26/2022 3:00,29.69,4.86,117,0.07,วัดคลองเขื่อน
8/26/2022 2:00,29.75,3.98,125.8,0.08,วัดคลองเขื่อน
8/26/2022 1:00,29.75,3.87,128.8,0.08,วัดคลองเขื่อน
8/26/2022 0:00,29.75,4.61,127,0.08,วัดคลองเขื่อน
8/25/2022 23:00,29.81,4.71,128.9,0.08,วัดคลองเขื่อน
8/25/2022 22:00,29.81,4.75,133.6,0.09,วัดคลองเขื่อน
8/25/2022 21:00,29.81,4.85,136.7,0.09,วัดคลองเขื่อน
8/25/2022 20:00,29.88,4.87,137.3,0.09,วัดคลองเขื่อน
8/25/2022 19:00,29.88,4.85,136,0.09,วัดคลองเขื่อน
8/25/2022 18:00,29.88,3.99,134.8,0.09,วัดคลองเขื่อน
8/25/2022 17:00,29.88,4.71,138.2,0.09,วัดคลองเขื่อน
8/25/2022 16:00,29.88,4.16,136.9,0.09,วัดคลองเขื่อน
8/25/2022 15:00,29.81,4.74,135.2,0.09,วัดคลองเขื่อน
8/25/2022 14:00,29.81,4.74,126.9,0.08,วัดคลองเขื่อน
8/25/2022 13:00,29.88,4.63,120.5,0.08,วัดคลองเขื่อน
8/25/2022 12:00,29.81,4.38,125.8,0.08,วัดคลองเขื่อน
8/25/2022 11:00,29.88,4.04,129.6,0.08,วัดคลองเขื่อน
8/25/2022 10:00,29.88,4.62,128.6,0.08,วัดคลองเขื่อน
8/25/2022 9:00,29.81,3.99,105.1,0.07,วัดคลองเขื่อน
8/25/2022 8:00,29.69,4.02,102.9,0.07,วัดคลองเขื่อน
8/25/2022 7:00,29.63,4.02,102,0.07,วัดคลองเขื่อน
8/25/2022 6:00,29.69,4.04,97.83,0.06,วัดคลองเขื่อน
8/25/2022 5:00,29.63,4.04,96.16,0.06,วัดคลองเขื่อน
8/25/2022 4:00,29.56,4.07,97.6,0.06,วัดคลองเขื่อน
8/25/2022 3:00,29.69,4.01,104.9,0.07,วัดคลองเขื่อน
8/25/2022 2:00,29.75,4.01,106.9,0.07,วัดคลองเขื่อน
8/25/2022 1:00,29.5,4,114.8,0.07,วัดคลองเขื่อน
8/25/2022 0:00,29.44,4.02,117.2,0.08,วัดคลองเขื่อน
8/24/2022 23:00,29.5,4.01,117.4,0.08,วัดคลองเขื่อน
8/24/2022 22:00,29.5,4.03,118.2,0.08,วัดคลองเขื่อน
8/24/2022 21:00,29.69,4.04,118.3,0.08,วัดคลองเขื่อน
8/24/2022 20:00,29.63,4.04,121.1,0.08,วัดคลองเขื่อน
8/24/2022 19:00,29.56,4.05,123.8,0.08,วัดคลองเขื่อน
8/24/2022 18:00,29.56,4.03,136.5,0.09,วัดคลองเขื่อน
8/24/2022 17:00,29.75,4.02,136.4,0.09,วัดคลองเขื่อน
8/24/2022 16:00,30.44,3.95,138.8,0.09,วัดคลองเขื่อน
8/24/2022 15:00,30.44,3.96,141.1,0.09,วัดคลองเขื่อน
8/24/2022 14:00,30.44,3.95,138.5,0.09,วัดคลองเขื่อน
8/24/2022 13:00,29.5,3.99,134,0.09,วัดคลองเขื่อน
8/24/2022 12:00,29.5,3.99,134,0.09,วัดคลองเขื่อน
8/24/2022 11:00,29.5,3.99,134,0.09,วัดคลองเขื่อน
8/24/2022 10:00,29.5,3.99,134,0.09,วัดคลองเขื่อน
8/24/2022 9:00,29.5,3.99,134,0.09,วัดคลองเขื่อน
8/24/2022 8:00,29.5,3.99,134,0.09,วัดคลองเขื่อน
8/24/2022 7:00,29.5,3.99,134,0.09,วัดคลองเขื่อน
8/24/2022 6:00,29.5,3.99,134,0.09,วัดคลองเขื่อน
8/24/2022 5:00,29.5,3.99,134,0.09,วัดคลองเขื่อน
8/24/2022 4:00,29.5,3.99,134,0.09,วัดคลองเขื่อน
8/24/2022 3:00,29.5,3.99,134,0.09,วัดคลองเขื่อน
8/24/2022 2:00,29.5,3.99,134,0.09,วัดคลองเขื่อน
8/24/2022 1:00,29.5,3.99,134,0.09,วัดคลองเขื่อน
8/24/2022 0:00,29.5,3.99,134,0.09,วัดคลองเขื่อน
8/23/2022 23:00,29.5,3.99,134,0.09,วัดคลองเขื่อน
8/23/2022 22:00,29.5,3.99,134,0.09,วัดคลองเขื่อน
8/23/2022 21:00,29.5,3.99,134,0.09,วัดคลองเขื่อน
8/23/2022 20:00,29.5,3.99,134,0.09,วัดคลองเขื่อน
8/23/2022 19:00,29.5,3.99,134,0.09,วัดคลองเขื่อน
8/23/2022 18:00,29.5,3.99,134,0.09,วัดคลองเขื่อน
8/23/2022 17:00,29.56,3.98,133.4,0.09,วัดคลองเขื่อน
8/23/2022 16:00,29.56,3.97,135,0.09,วัดคลองเขื่อน
8/23/2022 15:00,29.56,3.96,134.7,0.09,วัดคลองเขื่อน
8/23/2022 14:00,29.5,3.95,129.2,0.08,วัดคลองเขื่อน
8/23/2022 13:00,29.38,3.94,121.5,0.08,วัดคลองเขื่อน
8/23/2022 12:00,29.31,3.95,119.6,0.08,วัดคลองเขื่อน
8/23/2022 11:00,29.25,3.96,118.2,0.08,วัดคลองเขื่อน
8/23/2022 10:00,29.19,3.94,116.6,0.07,วัดคลองเขื่อน
8/23/2022 9:00,29.13,3.92,107.8,0.07,วัดคลองเขื่อน
8/23/2022 8:00,29.06,3.94,101.7,0.07,วัดคลองเขื่อน
8/23/2022 7:00,29,3.95,99.35,0.06,วัดคลองเขื่อน
8/23/2022 6:00,29,3.93,100,0.06,วัดคลองเขื่อน
8/23/2022 5:00,28.94,3.93,100.3,0.06,วัดคลองเขื่อน
8/23/2022 4:00,28.94,3.95,101.8,0.07,วัดคลองเขื่อน
8/23/2022 3:00,28.94,3.94,105.7,0.07,วัดคลองเขื่อน
8/23/2022 2:00,29,3.93,107.1,0.07,วัดคลองเขื่อน
8/23/2022 1:00,29,3.93,109.6,0.07,วัดคลองเขื่อน
8/23/2022 0:00,28.94,3.95,112.4,0.07,วัดคลองเขื่อน
8/22/2022 23:00,28.94,3.97,112.4,0.07,วัดคลองเขื่อน
8/22/2022 22:00,28.94,3.98,113.6,0.07,วัดคลองเขื่อน
8/22/2022 21:00,28.94,3.98,119.2,0.08,วัดคลองเขื่อน
8/22/2022 20:00,29,3.98,127.1,0.08,วัดคลองเขื่อน
8/22/2022 19:00,29,3.97,133.4,0.09,วัดคลองเขื่อน
8/22/2022 18:00,29,3.96,142.8,0.09,วัดคลองเขื่อน
8/22/2022 17:00,29.06,3.95,145.2,0.09,วัดคลองเขื่อน
8/22/2022 16:00,29,3.96,145.2,0.09,วัดคลองเขื่อน
8/22/2022 15:00,29.06,3.96,133,0.09,วัดคลองเขื่อน
8/22/2022 14:00,29,3.96,126.7,0.08,วัดคลองเขื่อน
8/22/2022 13:00,28.88,3.93,125.5,0.08,วัดคลองเขื่อน
8/22/2022 12:00,28.88,3.91,128.4,0.08,วัดคลองเขื่อน
8/22/2022 11:00,28.75,3.93,126.2,0.08,วัดคลองเขื่อน
8/22/2022 10:00,28.69,3.94,123.6,0.08,วัดคลองเขื่อน
8/22/2022 9:00,28.69,3.93,123.6,0.08,วัดคลองเขื่อน
8/22/2022 8:00,28.69,3.93,114.4,0.07,วัดคลองเขื่อน
8/22/2022 7:00,28.63,3.92,109.8,0.07,วัดคลองเขื่อน
8/22/2022 6:00,28.63,3.9,105.2,0.07,วัดคลองเขื่อน
8/22/2022 5:00,28.63,3.9,102.3,0.07,วัดคลองเขื่อน
8/22/2022 4:00,28.63,3.89,106.1,0.07,วัดคลองเขื่อน
8/22/2022 3:00,28.63,3.89,109.3,0.07,วัดคลองเขื่อน
8/22/2022 2:00,28.63,3.89,103.1,0.07,วัดคลองเขื่อน
8/22/2022 1:00,28.63,3.9,107.8,0.07,วัดคลองเขื่อน
8/22/2022 0:00,28.63,3.9,110.6,0.07,วัดคลองเขื่อน
8/21/2022 23:00,28.69,3.91,115.5,0.07,วัดคลองเขื่อน
8/21/2022 22:00,28.69,3.9,122,0.08,วัดคลองเขื่อน
8/21/2022 21:00,28.75,3.89,122.7,0.08,วัดคลองเขื่อน
8/21/2022 20:00,28.75,3.9,127.1,0.08,วัดคลองเขื่อน
8/21/2022 19:00,28.75,3.89,136.5,0.09,วัดคลองเขื่อน
8/21/2022 18:00,28.81,3.88,137.9,0.09,วัดคลองเขื่อน
8/21/2022 17:00,28.81,3.85,143.1,0.09,วัดคลองเขื่อน
8/21/2022 16:00,28.88,3.91,144.4,0.09,วัดคลองเขื่อน
8/21/2022 15:00,28.81,3.88,144.1,0.09,วัดคลองเขื่อน
8/21/2022 14:00,28.75,3.89,141.5,0.09,วัดคลองเขื่อน
8/21/2022 13:00,28.69,3.89,137.7,0.09,วัดคลองเขื่อน
8/21/2022 12:00,28.69,3.87,143.8,0.09,วัดคลองเขื่อน
8/21/2022 11:00,28.63,3.89,144.6,0.09,วัดคลองเขื่อน
8/21/2022 10:00,28.56,3.88,132.7,0.08,วัดคลองเขื่อน
8/21/2022 9:00,28.5,3.89,121.3,0.08,วัดคลองเขื่อน
8/21/2022 8:00,28.5,3.89,117.3,0.08,วัดคลองเขื่อน
8/21/2022 7:00,28.44,3.89,117.5,0.08,วัดคลองเขื่อน
8/21/2022 6:00,28.5,3.88,118.5,0.08,วัดคลองเขื่อน
8/21/2022 5:00,28.5,3.88,117.7,0.08,วัดคลองเขื่อน
8/21/2022 4:00,28.5,3.9,123.1,0.08,วัดคลองเขื่อน
8/21/2022 3:00,28.5,3.9,119.4,0.08,วัดคลองเขื่อน
8/21/2022 2:00,28.56,3.9,117.2,0.08,วัดคลองเขื่อน
8/21/2022 1:00,28.56,3.92,104.9,0.07,วัดคลองเขื่อน
8/21/2022 0:00,28.56,3.91,109.5,0.07,วัดคลองเขื่อน
8/20/2022 23:00,28.56,3.93,113,0.07,วัดคลองเขื่อน
8/20/2022 22:00,28.56,3.92,110.7,0.07,วัดคลองเขื่อน
8/20/2022 21:00,28.56,0.27,114.1,0.07,วัดคลองเขื่อน
8/20/2022 20:00,28.63,0.85,117.5,0.08,วัดคลองเขื่อน
8/20/2022 19:00,28.69,0.57,121,0.08,วัดคลองเขื่อน
8/20/2022 18:00,28.69,0.75,126.5,0.08,วัดคลองเขื่อน
8/20/2022 17:00,28.69,1.18,126.4,0.08,วัดคลองเขื่อน
8/20/2022 16:00,28.75,0.93,126.5,0.08,วัดคลองเขื่อน
8/20/2022 15:00,28.69,0.82,127,0.08,วัดคลองเขื่อน
8/20/2022 14:00,28.69,1.94,119.6,0.08,วัดคลองเขื่อน
8/20/2022 13:00,28.69,3.41,118.3,0.08,วัดคลองเขื่อน
8/20/2022 11:00,28.69,3.28,131.7,0.08,วัดคลองเขื่อน
8/20/2022 10:00,28.69,3.4,134.1,0.09,วัดคลองเขื่อน
8/20/2022 9:00,28.69,3.43,125,0.08,วัดคลองเขื่อน
8/20/2022 8:00,28.69,3.44,115,0.07,วัดคลองเขื่อน
8/20/2022 7:00,28.69,3.48,111.5,0.07,วัดคลองเขื่อน
8/20/2022 6:00,28.75,3.49,116.5,0.07,วัดคลองเขื่อน
8/20/2022 5:00,28.75,3.52,118.1,0.08,วัดคลองเขื่อน
8/20/2022 4:00,28.75,3.53,122.4,0.08,วัดคลองเขื่อน
8/20/2022 3:00,28.75,3.55,127.1,0.08,วัดคลองเขื่อน
8/20/2022 2:00,28.75,3.55,127.2,0.08,วัดคลองเขื่อน
8/20/2022 1:00,28.75,3.58,122.5,0.08,วัดคลองเขื่อน
8/20/2022 0:00,28.75,3.5,128.9,0.08,วัดคลองเขื่อน
8/19/2022 23:00,28.81,3.53,129.7,0.08,วัดคลองเขื่อน
8/19/2022 22:00,28.81,3.54,128.4,0.08,วัดคลองเขื่อน
8/19/2022 21:00,28.88,3.52,127.8,0.08,วัดคลองเขื่อน
8/19/2022 20:00,28.88,3.49,133.4,0.09,วัดคลองเขื่อน
8/19/2022 19:00,28.88,3.52,132.4,0.08,วัดคลองเขื่อน
8/19/2022 18:00,28.94,3.51,130,0.08,วัดคลองเขื่อน
8/19/2022 17:00,29,3.53,136,0.09,วัดคลองเขื่อน
8/19/2022 16:00,29,3.55,137.6,0.09,วัดคลองเขื่อน
8/19/2022 15:00,29,3.59,135.2,0.09,วัดคลองเขื่อน
8/19/2022 14:00,29,3.56,135.6,0.09,วัดคลองเขื่อน
8/19/2022 13:00,28.94,3.59,140.7,0.09,วัดคลองเขื่อน
8/19/2022 12:00,28.94,3.57,140.8,0.09,วัดคลองเขื่อน
8/19/2022 11:00,28.88,3.62,136.1,0.09,วัดคลองเขื่อน
8/19/2022 10:00,28.81,3.63,124.4,0.08,วัดคลองเขื่อน
8/19/2022 9:00,28.81,3.64,116.3,0.07,วัดคลองเขื่อน
8/19/2022 8:00,28.75,3.67,113.6,0.07,วัดคลองเขื่อน
8/19/2022 7:00,28.75,3.72,119.8,0.08,วัดคลองเขื่อน
8/19/2022 6:00,28.75,3.75,119.9,0.08,วัดคลองเขื่อน
8/19/2022 5:00,28.75,3.74,121.6,0.08,วัดคลองเขื่อน
8/19/2022 4:00,28.69,3.75,120.6,0.08,วัดคลองเขื่อน
8/19/2022 3:00,28.75,3.77,119.6,0.08,วัดคลองเขื่อน
8/19/2022 2:00,28.75,3.78,122.6,0.08,วัดคลองเขื่อน
8/19/2022 1:00,28.81,3.8,132.5,0.08,วัดคลองเขื่อน
8/19/2022 0:00,28.81,3.82,133.3,0.09,วัดคลองเขื่อน
8/18/2022 23:00,28.81,3.82,132.4,0.08,วัดคลองเขื่อน
8/18/2022 22:00,28.88,3.84,130,0.08,วัดคลองเขื่อน
8/18/2022 21:00,28.88,3.82,130.4,0.08,วัดคลองเขื่อน
8/18/2022 20:00,28.88,3.84,139,0.09,วัดคลองเขื่อน
8/18/2022 19:00,28.94,3.82,137.8,0.09,วัดคลองเขื่อน
8/18/2022 18:00,28.94,3.85,134.9,0.09,วัดคลองเขื่อน
8/18/2022 17:00,28.94,3.85,132,0.08,วัดคลองเขื่อน
8/18/2022 16:00,28.94,3.84,133.7,0.09,วัดคลองเขื่อน
8/18/2022 15:00,28.88,3.86,119.8,0.08,วัดคลองเขื่อน
8/18/2022 14:00,28.88,3.84,127.2,0.08,วัดคลองเขื่อน
8/18/2022 13:00,28.81,3.81,138.4,0.09,วัดคลองเขื่อน
8/18/2022 12:00,28.75,3.73,111,0.07,วัดคลองเขื่อน
8/18/2022 11:00,28.69,3.44,120.2,0.08,วัดคลองเขื่อน
8/18/2022 10:00,28.69,3.78,125.9,0.08,วัดคลองเขื่อน
8/18/2022 8:00,28.63,3.77,118,0.08,วัดคลองเขื่อน
8/18/2022 7:00,28.63,3.78,123.9,0.08,วัดคลองเขื่อน
8/18/2022 6:00,28.63,3.82,121.6,0.08,วัดคลองเขื่อน
8/18/2022 5:00,28.63,3.92,126.4,0.08,วัดคลองเขื่อน
8/18/2022 4:00,28.63,3.92,116.9,0.07,วัดคลองเขื่อน
8/18/2022 3:00,28.56,3.88,139.7,0.09,วัดคลองเขื่อน
8/18/2022 2:00,28.63,3.88,136.3,0.09,วัดคลองเขื่อน
8/18/2022 1:00,28.63,3.88,130.7,0.08,วัดคลองเขื่อน
8/18/2022 0:00,28.63,3.91,130.6,0.08,วัดคลองเขื่อน
8/17/2022 23:00,28.69,3.88,132.2,0.08,วัดคลองเขื่อน
8/17/2022 22:00,28.63,3.9,131.4,0.08,วัดคลองเขื่อน
8/17/2022 21:00,28.69,3.91,135,0.09,วัดคลองเขื่อน
8/17/2022 20:00,28.69,3.9,143.6,0.09,วัดคลองเขื่อน
8/17/2022 19:00,28.69,3.92,144.5,0.09,วัดคลองเขื่อน
8/17/2022 18:00,28.69,3.83,140.8,0.09,วัดคลองเขื่อน
8/17/2022 17:00,28.63,3.87,129.4,0.08,วัดคลองเขื่อน
8/17/2022 16:00,28.63,3.85,135.2,0.09,วัดคลองเขื่อน
8/17/2022 15:00,28.69,3.82,146.9,0.09,วัดคลองเขื่อน
8/17/2022 14:00,28.63,3.78,146.5,0.09,วัดคลองเขื่อน
8/17/2022 13:00,28.56,3.87,150.8,0.1,วัดคลองเขื่อน
8/17/2022 12:00,28.63,3.89,123.7,0.08,วัดคลองเขื่อน
8/17/2022 11:00,28.63,3.91,128.5,0.08,วัดคลองเขื่อน
8/17/2022 10:00,28.44,3.93,130.1,0.08,วัดคลองเขื่อน
8/17/2022 9:00,28.38,3.94,131.1,0.08,วัดคลองเขื่อน
8/17/2022 8:00,28.38,3.95,127.6,0.08,วัดคลองเขื่อน
8/17/2022 7:00,28.31,3.96,131.4,0.08,วัดคลองเขื่อน
8/17/2022 6:00,28.31,2.66,51.01,0.03,วัดคลองเขื่อน
8/17/2022 5:00,28.25,2.73,58.95,0.04,วัดคลองเขื่อน
8/17/2022 4:00,28.25,2.75,57.89,0.04,วัดคลองเขื่อน
8/17/2022 3:00,28.25,2.74,53.44,0.03,วัดคลองเขื่อน
8/17/2022 2:00,28.25,2.72,43.22,0.03,วัดคลองเขื่อน
8/17/2022 1:00,28.25,2.74,44.65,0.03,วัดคลองเขื่อน
8/17/2022 0:00,28.31,2.74,47.25,0.03,วัดคลองเขื่อน
8/16/2022 23:00,28.31,2.67,53.98,0.03,วัดคลองเขื่อน
8/16/2022 22:00,28.25,2.67,51.25,0.03,วัดคลองเขื่อน
8/16/2022 21:00,28.31,2.67,57.87,0.04,วัดคลองเขื่อน
8/16/2022 20:00,28.38,2.68,36.69,0.02,วัดคลองเขื่อน
8/16/2022 19:00,28.38,2.67,35.02,0.02,วัดคลองเขื่อน
8/16/2022 18:00,28.25,2.71,19.67,0.01,วัดคลองเขื่อน
8/16/2022 17:00,28.31,2.73,26.68,0.02,วัดคลองเขื่อน
8/16/2022 16:00,28.44,2.67,33.28,0.02,วัดคลองเขื่อน
8/16/2022 15:00,28.5,2.64,41.56,0.03,วัดคลองเขื่อน
8/16/2022 14:00,28.56,2.64,47.98,0.03,วัดคลองเขื่อน
8/16/2022 13:00,28.5,2.61,72.33,0.05,วัดคลองเขื่อน
8/16/2022 12:00,28.5,2.61,61.72,0.04,วัดคลองเขื่อน
8/16/2022 11:00,28.5,2.63,69.81,0.04,วัดคลองเขื่อน
8/16/2022 10:00,28.44,2.6,73.36,0.05,วัดคลองเขื่อน
8/16/2022 9:00,28.38,2.62,62.97,0.04,วัดคลองเขื่อน
8/16/2022 8:00,28.31,2.66,73.51,0.05,วัดคลองเขื่อน
8/16/2022 7:00,28.31,2.6,66.03,0.04,วัดคลองเขื่อน
8/16/2022 6:00,28.25,2.6,74.33,0.05,วัดคลองเขื่อน
8/16/2022 5:00,28.25,2.61,74.67,0.05,วัดคลองเขื่อน
8/16/2022 4:00,28.25,2.65,76.52,0.05,วัดคลองเขื่อน
8/16/2022 3:00,28.25,2.66,77.62,0.05,วัดคลองเขื่อน
8/16/2022 2:00,28.25,2.64,71.22,0.05,วัดคลองเขื่อน
8/16/2022 1:00,28.19,2.64,74.65,0.05,วัดคลองเขื่อน
8/16/2022 0:00,28.19,2.61,77.45,0.05,วัดคลองเขื่อน
8/15/2022 23:00,27.94,2.66,76.57,0.05,วัดคลองเขื่อน
8/15/2022 22:00,28.25,1.54,78.71,0.05,วัดคลองเขื่อน
8/15/2022 21:00,28.31,1.49,78.04,0.05,วัดคลองเขื่อน
8/15/2022 20:00,28.31,1.38,76.09,0.05,วัดคลองเขื่อน
8/15/2022 19:00,28.38,1.29,74.97,0.05,วัดคลองเขื่อน
8/15/2022 18:00,28.31,1.17,65.45,0.04,วัดคลองเขื่อน
8/15/2022 17:00,28.38,1.55,59.11,0.04,วัดคลองเขื่อน
8/15/2022 16:00,28.44,1.65,56.04,0.04,วัดคลองเขื่อน
8/15/2022 15:00,28.5,1.62,56.83,0.04,วัดคลองเขื่อน
8/15/2022 14:00,28.56,1.62,69.77,0.04,วัดคลองเขื่อน
8/15/2022 13:00,28.5,1.71,65.16,0.04,วัดคลองเขื่อน
8/15/2022 12:00,28.44,2,56.8,0.04,วัดคลองเขื่อน
8/15/2022 11:00,28.44,2.13,61.46,0.04,วัดคลองเขื่อน
8/15/2022 10:00,28.38,2.2,66.46,0.04,วัดคลองเขื่อน
8/15/2022 9:00,28.38,2.28,70.26,0.04,วัดคลองเขื่อน
8/15/2022 8:00,28.38,2.34,79.66,0.05,วัดคลองเขื่อน
8/15/2022 7:00,28.38,2.32,84.23,0.05,วัดคลองเขื่อน
8/15/2022 6:00,28.38,2.39,85.63,0.05,วัดคลองเขื่อน
8/15/2022 5:00,28.38,2.42,89.58,0.06,วัดคลองเขื่อน
8/15/2022 4:00,28.38,2.44,90.07,0.06,วัดคลองเขื่อน
8/15/2022 3:00,28.38,2.46,87.57,0.06,วัดคลองเขื่อน
8/15/2022 2:00,28.38,2.47,86.89,0.06,วัดคลองเขื่อน
8/15/2022 1:00,28.44,2.5,85.47,0.05,วัดคลองเขื่อน
8/15/2022 0:00,28.25,2.52,103.7,0.07,วัดคลองเขื่อน
8/14/2022 23:00,28.25,2.67,101.2,0.06,วัดคลองเขื่อน
8/14/2022 22:00,28.19,2.16,100.7,0.06,วัดคลองเขื่อน
8/14/2022 21:00,28.25,2.27,103,0.07,วัดคลองเขื่อน
8/14/2022 20:00,28.44,2.29,104.3,0.07,วัดคลองเขื่อน
8/14/2022 19:00,28.44,2.33,96.08,0.06,วัดคลองเขื่อน
8/14/2022 18:00,28.44,1.26,83.66,0.05,วัดคลองเขื่อน
8/14/2022 17:00,28.44,1.41,77.43,0.05,วัดคลองเขื่อน
8/14/2022 16:00,28.5,1.29,74.73,0.05,วัดคลองเขื่อน
8/14/2022 15:00,28.44,1.48,68.92,0.04,วัดคลองเขื่อน
8/14/2022 14:00,28.38,1.75,72.23,0.05,วัดคลองเขื่อน
8/14/2022 13:00,28.31,1.86,71.11,0.05,วัดคลองเขื่อน
8/14/2022 12:00,28.25,1.97,69.38,0.04,วัดคลองเขื่อน
8/14/2022 11:00,28.13,2.1,69.79,0.04,วัดคลองเขื่อน
8/14/2022 10:00,28.13,2.1,71.21,0.05,วัดคลองเขื่อน
8/14/2022 9:00,28.13,2.11,83.96,0.05,วัดคลองเขื่อน
8/14/2022 8:00,28.06,2.15,86.78,0.06,วัดคลองเขื่อน
8/14/2022 7:00,28.06,2.18,90.79,0.06,วัดคลองเขื่อน
8/14/2022 6:00,28,2.24,94.96,0.06,วัดคลองเขื่อน
8/14/2022 5:00,28,2.26,96.35,0.06,วัดคลองเขื่อน
8/14/2022 4:00,28,2.26,96.77,0.06,วัดคลองเขื่อน
8/14/2022 3:00,28,2.06,97.4,0.06,วัดคลองเขื่อน
8/14/2022 2:00,28,2.3,95.06,0.06,วัดคลองเขื่อน
8/14/2022 1:00,28,2.35,95.4,0.06,วัดคลองเขื่อน
8/14/2022 0:00,27.69,2.22,94.08,0.06,วัดคลองเขื่อน
8/13/2022 23:00,27.94,2.07,94.61,0.06,วัดคลองเขื่อน
8/13/2022 22:00,27.94,2.03,94.07,0.06,วัดคลองเขื่อน
8/13/2022 21:00,28.06,1.65,96.48,0.06,วัดคลองเขื่อน
8/13/2022 20:00,28,2.09,96.25,0.06,วัดคลองเขื่อน
8/13/2022 19:00,28.06,1.89,95.75,0.06,วัดคลองเขื่อน
8/13/2022 18:00,28,1.95,91.62,0.06,วัดคลองเขื่อน
8/13/2022 17:00,28,2.36,81.63,0.05,วัดคลองเขื่อน
8/13/2022 16:00,28,2.37,80.88,0.05,วัดคลองเขื่อน
8/13/2022 15:00,28.06,1.86,85.88,0.05,วัดคลองเขื่อน
8/13/2022 14:00,28.06,1.46,88.35,0.06,วัดคลองเขื่อน
8/13/2022 13:00,27.94,1.84,83.85,0.05,วัดคลองเขื่อน
8/13/2022 12:00,27.94,1.93,82.65,0.05,วัดคลองเขื่อน
8/13/2022 11:00,27.88,1.98,83.97,0.05,วัดคลองเขื่อน
8/13/2022 10:00,27.94,1.47,91.45,0.06,วัดคลองเขื่อน
8/13/2022 9:00,27.94,1.71,95.27,0.06,วัดคลองเขื่อน
8/13/2022 8:00,27.88,1.8,95.97,0.06,วัดคลองเขื่อน
8/13/2022 7:00,27.88,1.81,98.94,0.06,วัดคลองเขื่อน
8/13/2022 6:00,27.94,1.93,99.32,0.06,วัดคลองเขื่อน
8/13/2022 5:00,27.94,1.97,98.58,0.06,วัดคลองเขื่อน
8/13/2022 4:00,27.94,2.06,98.48,0.06,วัดคลองเขื่อน
8/13/2022 3:00,27.94,2.11,97,0.06,วัดคลองเขื่อน
8/13/2022 2:00,27.94,1.82,107.3,0.07,วัดคลองเขื่อน
8/13/2022 1:00,27.94,0.9,102.1,0.07,วัดคลองเขื่อน
8/13/2022 0:00,27.88,1.58,101,0.06,วัดคลองเขื่อน
8/12/2022 23:00,27.94,1.55,100.8,0.06,วัดคลองเขื่อน
8/12/2022 22:00,27.94,1.21,105.2,0.07,วัดคลองเขื่อน
8/12/2022 21:00,27.94,2.15,103.5,0.07,วัดคลองเขื่อน
8/12/2022 20:00,28,1.18,112.7,0.07,วัดคลองเขื่อน
8/12/2022 19:00,27.94,1.25,110.7,0.07,วัดคลองเขื่อน
8/12/2022 18:00,28,1.16,115.7,0.07,วัดคลองเขื่อน
8/12/2022 17:00,28,1.14,111.7,0.07,วัดคลองเขื่อน
8/12/2022 16:00,28,1.03,113.7,0.07,วัดคลองเขื่อน
8/12/2022 15:00,28.06,1.18,122.3,0.08,วัดคลองเขื่อน
8/12/2022 14:00,28,1.24,127.7,0.08,วัดคลองเขื่อน
8/12/2022 13:00,28,1.25,124.8,0.08,วัดคลองเขื่อน
8/12/2022 12:00,28,1.16,125.9,0.08,วัดคลองเขื่อน
8/12/2022 11:00,27.94,1.16,138.5,0.09,วัดคลองเขื่อน
8/12/2022 10:00,27.94,1.67,138.3,0.09,วัดคลองเขื่อน
8/12/2022 9:00,27.94,1.47,140.4,0.09,วัดคลองเขื่อน
8/12/2022 8:00,27.81,1.84,130.1,0.08,วัดคลองเขื่อน
8/12/2022 7:00,27.81,1.48,133.3,0.09,วัดคลองเขื่อน
8/12/2022 6:00,27.81,1.48,121.5,0.08,วัดคลองเขื่อน
8/12/2022 5:00,27.81,1.84,116.3,0.07,วัดคลองเขื่อน
8/12/2022 4:00,27.88,1.77,115.5,0.07,วัดคลองเขื่อน
8/12/2022 3:00,28,1.77,114.5,0.07,วัดคลองเขื่อน
8/12/2022 2:00,28.06,1.89,114.1,0.07,วัดคลองเขื่อน
8/12/2022 1:00,28.13,2.01,114,0.07,วัดคลองเขื่อน
8/12/2022 0:00,28.13,2.44,112,0.07,วัดคลองเขื่อน
8/11/2022 23:00,28.06,2.43,113.5,0.07,วัดคลองเขื่อน
8/11/2022 22:00,28.06,2.23,112.4,0.07,วัดคลองเขื่อน
8/11/2022 21:00,28.06,2.59,112.5,0.07,วัดคลองเขื่อน
8/11/2022 20:00,28.06,2.16,109.9,0.07,วัดคลองเขื่อน
8/11/2022 19:00,28.06,1.27,107.3,0.07,วัดคลองเขื่อน
8/11/2022 18:00,28,1.6,105.9,0.07,วัดคลองเขื่อน
8/11/2022 17:00,28.13,2.32,111.7,0.07,วัดคลองเขื่อน
8/11/2022 16:00,28.25,2.42,119.7,0.08,วัดคลองเขื่อน
8/11/2022 15:00,28.38,2.61,134.2,0.09,วัดคลองเขื่อน
8/11/2022 14:00,28.44,2.47,136.4,0.09,วัดคลองเขื่อน
8/11/2022 13:00,28.5,2.54,143.2,0.09,วัดคลองเขื่อน
8/11/2022 12:00,28.5,1.15,153.9,0.1,วัดคลองเขื่อน
8/11/2022 11:00,28.63,1.12,173.9,0.11,วัดคลองเขื่อน
8/11/2022 10:00,28.63,2.4,164.8,0.11,วัดคลองเขื่อน
8/11/2022 9:00,28.69,3.85,195.5,0.13,วัดคลองเขื่อน
8/11/2022 8:00,28.69,3.89,200.6,0.13,วัดคลองเขื่อน
8/11/2022 7:00,28.81,3.6,184.5,0.12,วัดคลองเขื่อน
8/11/2022 6:00,28.81,3.61,186.7,0.12,วัดคลองเขื่อน
8/11/2022 5:00,28.88,3.62,190.4,0.12,วัดคลองเขื่อน
8/11/2022 4:00,28.94,3.68,189.2,0.12,วัดคลองเขื่อน
8/11/2022 3:00,29.06,3.73,186.4,0.12,วัดคลองเขื่อน
8/11/2022 2:00,29.06,3.71,198.2,0.13,วัดคลองเขื่อน
8/11/2022 1:00,29.06,3.66,179.1,0.11,วัดคลองเขื่อน
8/11/2022 0:00,29.06,3.68,203.6,0.13,วัดคลองเขื่อน
8/10/2022 23:00,29,3.67,201.1,0.13,วัดคลองเขื่อน
8/10/2022 22:00,29.06,3.7,192.8,0.12,วัดคลองเขื่อน
8/10/2022 21:00,29.06,3.72,180.5,0.12,วัดคลองเขื่อน
8/10/2022 20:00,29.13,3.73,178.9,0.11,วัดคลองเขื่อน
8/10/2022 19:00,29.13,3.72,177.2,0.11,วัดคลองเขื่อน
8/10/2022 18:00,29.13,3.74,175.7,0.11,วัดคลองเขื่อน
8/10/2022 17:00,29.13,3.74,176.9,0.11,วัดคลองเขื่อน
8/10/2022 16:00,29.19,3.72,182.9,0.12,วัดคลองเขื่อน
8/10/2022 15:00,29.13,3.66,205.9,0.13,วัดคลองเขื่อน
8/10/2022 14:00,29.13,3.63,214.6,0.14,วัดคลองเขื่อน
8/10/2022 13:00,29.13,3.63,215,0.14,วัดคลองเขื่อน
8/10/2022 12:00,29.13,3.58,212.5,0.14,วัดคลองเขื่อน
8/10/2022 11:00,29.13,3.55,224.5,0.14,วัดคลองเขื่อน
8/10/2022 10:00,29.06,3.6,223.4,0.14,วัดคลองเขื่อน
8/10/2022 9:00,29.06,3.63,222.1,0.14,วัดคลองเขื่อน
8/10/2022 8:00,29.06,3.64,215.6,0.14,วัดคลองเขื่อน
8/10/2022 7:00,29.13,3.68,201.4,0.13,วัดคลองเขื่อน
8/10/2022 6:00,29.19,3.68,187.4,0.12,วัดคลองเขื่อน
8/10/2022 5:00,29.19,3.67,196.2,0.13,วัดคลองเขื่อน
8/10/2022 4:00,29.25,3.62,226.8,0.15,วัดคลองเขื่อน
8/10/2022 3:00,29.25,3.61,235.4,0.15,วัดคลองเขื่อน
8/10/2022 2:00,29.25,3.62,243.2,0.16,วัดคลองเขื่อน
8/10/2022 1:00,29.31,3.65,235.7,0.15,วัดคลองเขื่อน
8/10/2022 0:00,29.31,3.65,228.1,0.15,วัดคลองเขื่อน
8/9/2022 23:00,29.31,3.66,232.4,0.15,วัดคลองเขื่อน
8/9/2022 22:00,29.31,3.65,209,0.13,วัดคลองเขื่อน
8/9/2022 21:00,29.31,3.65,225.6,0.14,วัดคลองเขื่อน
8/9/2022 20:00,29.31,3.61,234.7,0.15,วัดคลองเขื่อน
8/9/2022 19:00,29.31,3.61,237.2,0.15,วัดคลองเขื่อน
8/9/2022 18:00,29.31,3.62,221.1,0.14,วัดคลองเขื่อน
8/9/2022 17:00,29.31,3.65,221.5,0.14,วัดคลองเขื่อน
8/9/2022 16:00,29.31,3.68,241.4,0.15,วัดคลองเขื่อน
8/9/2022 15:00,29.38,3.66,244.5,0.16,วัดคลองเขื่อน
8/9/2022 14:00,29.38,3.67,226.2,0.14,วัดคลองเขื่อน
8/9/2022 13:00,29.38,3.65,237.3,0.15,วัดคลองเขื่อน
8/9/2022 12:00,29.31,3.67,247.3,0.16,วัดคลองเขื่อน
8/9/2022 11:00,29.25,3.71,227.3,0.15,วัดคลองเขื่อน
8/9/2022 10:00,29.25,3.72,234.8,0.15,วัดคลองเขื่อน
8/9/2022 9:00,29.25,3.75,244.9,0.16,วัดคลองเขื่อน
8/9/2022 8:00,29.25,3.75,250.1,0.16,วัดคลองเขื่อน
8/9/2022 7:00,29.25,3.74,238.3,0.15,วัดคลองเขื่อน
8/9/2022 6:00,29.31,3.75,221.5,0.14,วัดคลองเขื่อน
8/9/2022 5:00,29.38,3.8,213.6,0.14,วัดคลองเขื่อน
8/9/2022 4:00,29.38,3.75,221.6,0.14,วัดคลองเขื่อน
8/9/2022 3:00,29.44,3.76,228.4,0.15,วัดคลองเขื่อน
8/9/2022 2:00,29.5,3.77,224.3,0.14,วัดคลองเขื่อน
8/9/2022 1:00,29.5,3.8,217.4,0.14,วัดคลองเขื่อน
8/9/2022 0:00,29.56,3.92,215.6,0.14,วัดคลองเขื่อน
8/8/2022 23:00,29.56,3.79,214.1,0.14,วัดคลองเขื่อน
8/8/2022 22:00,29.5,3.74,212.3,0.14,วัดคลองเขื่อน
8/8/2022 21:00,29.63,3.74,220.6,0.14,วัดคลองเขื่อน
8/8/2022 20:00,29.63,3.72,224.7,0.14,วัดคลองเขื่อน
8/8/2022 19:00,29.63,3.73,229.8,0.15,วัดคลองเขื่อน
8/8/2022 18:00,29.56,3.72,226.2,0.14,วัดคลองเขื่อน
8/8/2022 17:00,29.63,3.71,221.6,0.14,วัดคลองเขื่อน
8/8/2022 16:00,29.69,3.71,214.9,0.14,วัดคลองเขื่อน
8/8/2022 15:00,29.63,3.73,216.4,0.14,วัดคลองเขื่อน
8/8/2022 14:00,29.63,3.73,222,0.14,วัดคลองเขื่อน
8/8/2022 13:00,29.63,3.72,232.9,0.15,วัดคลองเขื่อน
8/8/2022 12:00,29.63,3.73,237.3,0.15,วัดคลองเขื่อน
8/8/2022 11:00,29.69,3.74,226,0.14,วัดคลองเขื่อน
8/8/2022 10:00,29.63,3.78,227.4,0.15,วัดคลองเขื่อน
8/8/2022 9:00,29.69,3.79,249.1,0.16,วัดคลองเขื่อน
8/8/2022 8:00,29.63,3.81,252.7,0.16,วัดคลองเขื่อน
8/8/2022 7:00,29.69,3.81,247.2,0.16,วัดคลองเขื่อน
8/8/2022 6:00,29.69,3.84,248.1,0.16,วัดคลองเขื่อน
8/8/2022 5:00,29.75,3.82,245.3,0.16,วัดคลองเขื่อน
8/8/2022 4:00,29.81,3.81,242.7,0.16,วัดคลองเขื่อน
8/8/2022 3:00,29.81,3.81,247.7,0.16,วัดคลองเขื่อน
8/8/2022 2:00,29.75,3.83,245.8,0.16,วัดคลองเขื่อน
8/8/2022 1:00,29.81,3.82,246.4,0.16,วัดคลองเขื่อน
8/8/2022 0:00,29.81,3.81,251.1,0.16,วัดคลองเขื่อน
8/7/2022 23:00,29.81,3.81,251.6,0.16,วัดคลองเขื่อน
8/7/2022 22:00,29.88,3.8,255.3,0.16,วัดคลองเขื่อน
8/7/2022 21:00,29.88,3.8,254.5,0.16,วัดคลองเขื่อน
8/7/2022 20:00,29.94,3.79,253.3,0.16,วัดคลองเขื่อน
8/7/2022 19:00,29.75,3.77,251.8,0.16,วัดคลองเขื่อน
8/7/2022 18:00,29.81,3.72,253.5,0.16,วัดคลองเขื่อน
8/7/2022 17:00,29.94,3.73,254,0.16,วัดคลองเขื่อน
8/7/2022 16:00,30.06,3.74,252.8,0.16,วัดคลองเขื่อน
8/7/2022 15:00,30,3.75,248.3,0.16,วัดคลองเขื่อน
8/7/2022 14:00,30,3.73,249,0.16,วัดคลองเขื่อน
8/7/2022 13:00,30,3.71,255.2,0.16,วัดคลองเขื่อน
8/7/2022 12:00,30.06,3.72,261.7,0.17,วัดคลองเขื่อน
8/7/2022 11:00,29.94,3.72,258.8,0.17,วัดคลองเขื่อน
8/7/2022 10:00,30,3.72,253.5,0.16,วัดคลองเขื่อน
8/7/2022 9:00,30,3.72,250.9,0.16,วัดคลองเขื่อน
8/7/2022 8:00,30,3.73,256.9,0.16,วัดคลองเขื่อน
8/7/2022 7:00,29.94,3.72,262.6,0.17,วัดคลองเขื่อน
8/7/2022 6:00,30,3.72,261.1,0.17,วัดคลองเขื่อน
8/7/2022 5:00,30.06,3.7,267.4,0.17,วัดคลองเขื่อน
8/7/2022 4:00,30.13,3.69,261.2,0.17,วัดคลองเขื่อน
8/7/2022 3:00,30.06,3.71,263.2,0.17,วัดคลองเขื่อน
8/7/2022 2:00,30,3.69,266.3,0.17,วัดคลองเขื่อน
8/7/2022 1:00,30.19,3.67,264,0.17,วัดคลองเขื่อน
8/7/2022 0:00,30.06,3.71,254.5,0.16,วัดคลองเขื่อน
8/6/2022 23:00,30.06,3.71,251.3,0.16,วัดคลองเขื่อน
8/6/2022 22:00,30.13,3.72,244.8,0.16,วัดคลองเขื่อน
8/6/2022 21:00,30.06,3.72,241.5,0.15,วัดคลองเขื่อน
8/6/2022 20:00,30.06,3.71,245.7,0.16,วัดคลองเขื่อน
8/6/2022 19:00,30.38,3.75,257.5,0.16,วัดคลองเขื่อน
8/6/2022 18:00,30.56,3.76,253.6,0.16,วัดคลองเขื่อน
8/6/2022 17:00,30.19,3.69,252.7,0.16,วัดคลองเขื่อน
8/6/2022 16:00,30.88,3.74,274.8,0.18,วัดคลองเขื่อน
8/6/2022 15:00,30.94,3.72,270.1,0.17,วัดคลองเขื่อน
8/6/2022 14:00,31,3.72,271.3,0.17,วัดคลองเขื่อน
8/6/2022 13:00,30.38,3.68,265.7,0.17,วัดคลองเขื่อน
8/6/2022 12:00,30.56,3.69,266.4,0.17,วัดคลองเขื่อน
8/6/2022 11:00,30.06,3.69,268,0.17,วัดคลองเขื่อน
8/6/2022 10:00,30.06,3.68,273.1,0.17,วัดคลองเขื่อน
8/6/2022 9:00,30.06,3.68,280.7,0.18,วัดคลองเขื่อน
8/6/2022 8:00,29.94,3.7,281,0.18,วัดคลองเขื่อน
8/6/2022 7:00,30.06,3.7,282,0.18,วัดคลองเขื่อน
8/6/2022 6:00,30,3.7,266.9,0.17,วัดคลองเขื่อน
8/6/2022 5:00,30,3.75,255.4,0.16,วัดคลองเขื่อน
8/6/2022 4:00,30,3.72,260.9,0.17,วัดคลองเขื่อน
8/6/2022 3:00,30.13,3.73,257.9,0.17,วัดคลองเขื่อน
8/6/2022 2:00,30.13,3.75,255.6,0.16,วัดคลองเขื่อน
8/6/2022 1:00,30.06,3.73,250.7,0.16,วัดคลองเขื่อน
8/5/2022 23:05,30.13,3.74,265.6,0.17,วัดคลองเขื่อน
8/5/2022 22:00,30.13,3.69,272.6,0.17,วัดคลองเขื่อน
8/5/2022 21:00,30.13,3.71,265.8,0.17,วัดคลองเขื่อน
8/5/2022 20:00,30.19,3.74,253.9,0.16,วัดคลองเขื่อน
8/5/2022 19:00,30.13,3.71,253.3,0.16,วัดคลองเขื่อน
8/5/2022 18:00,30.25,3.72,264.5,0.17,วัดคลองเขื่อน
8/5/2022 17:00,30.25,3.72,271,0.17,วัดคลองเขื่อน
8/5/2022 16:00,30.63,3.72,271.4,0.17,วัดคลองเขื่อน
8/5/2022 15:00,30.56,3.7,273.9,0.18,วัดคลองเขื่อน
8/5/2022 14:00,30.25,3.67,271.3,0.17,วัดคลองเขื่อน
8/5/2022 13:00,31.44,3.72,278.6,0.18,วัดคลองเขื่อน
8/5/2022 12:00,30.69,3.67,272.1,0.17,วัดคลองเขื่อน
8/5/2022 11:00,30.31,3.67,269.2,0.17,วัดคลองเขื่อน
8/5/2022 10:00,30.25,3.66,270,0.17,วัดคลองเขื่อน
8/5/2022 9:00,30.25,3.72,270.8,0.17,วัดคลองเขื่อน
8/5/2022 8:00,30.19,3.71,274.3,0.18,วัดคลองเขื่อน
8/5/2022 7:00,30.19,3.75,278.6,0.18,วัดคลองเขื่อน
8/5/2022 6:00,30.19,3.8,274.8,0.18,วัดคลองเขื่อน
8/5/2022 5:00,30.25,3.78,273.6,0.18,วัดคลองเขื่อน
8/5/2022 4:00,30.25,3.78,277.5,0.18,วัดคลองเขื่อน
8/5/2022 3:00,30.19,3.76,275.8,0.18,วัดคลองเขื่อน
8/5/2022 2:00,30.19,3.75,272.5,0.17,วัดคลองเขื่อน
8/5/2022 1:00,30.31,3.75,272.3,0.17,วัดคลองเขื่อน
8/5/2022 0:00,30.31,3.79,267.6,0.17,วัดคลองเขื่อน
8/4/2022 23:00,30.38,3.79,268.7,0.17,วัดคลองเขื่อน
8/4/2022 22:00,30.31,3.79,272.3,0.17,วัดคลองเขื่อน
8/4/2022 21:00,30.38,3.79,267.7,0.17,วัดคลองเขื่อน
8/4/2022 20:00,30.44,3.79,266.3,0.17,วัดคลองเขื่อน
8/4/2022 19:00,30.44,3.78,265.9,0.17,วัดคลองเขื่อน
8/4/2022 18:00,30.44,3.75,274.4,0.18,วัดคลองเขื่อน
8/4/2022 17:00,30.44,3.72,277.9,0.18,วัดคลองเขื่อน
8/4/2022 16:00,30.44,3.7,277.7,0.18,วัดคลองเขื่อน
8/4/2022 15:00,30.38,3.68,288.2,0.18,วัดคลองเขื่อน
8/4/2022 14:00,30.81,3.72,280.7,0.18,วัดคลองเขื่อน
8/4/2022 13:00,30.44,3.71,280.5,0.18,วัดคลองเขื่อน
8/4/2022 12:00,30.81,3.72,280.6,0.18,วัดคลองเขื่อน
8/4/2022 11:00,30.69,3.74,279.9,0.18,วัดคลองเขื่อน
8/4/2022 10:00,30.38,3.75,275.8,0.18,วัดคลองเขื่อน
8/4/2022 9:00,30.31,3.77,265.9,0.17,วัดคลองเขื่อน
8/4/2022 8:00,30.25,3.74,254.9,0.16,วัดคลองเขื่อน
8/4/2022 7:00,30.25,3.79,261.8,0.17,วัดคลองเขื่อน
8/4/2022 6:00,30.31,3.83,276.5,0.18,วัดคลองเขื่อน
8/4/2022 5:00,30.31,3.86,282.1,0.18,วัดคลองเขื่อน
8/4/2022 4:00,30.38,3.85,278.5,0.18,วัดคลองเขื่อน
8/4/2022 3:00,30.44,3.84,277.8,0.18,วัดคลองเขื่อน
8/4/2022 2:00,30.25,3.84,275.1,0.18,วัดคลองเขื่อน
8/4/2022 1:00,30.44,3.83,277.3,0.18,วัดคลองเขื่อน
8/4/2022 0:00,30.31,3.8,280,0.18,วัดคลองเขื่อน
8/3/2022 23:00,30.38,3.77,277.9,0.18,วัดคลองเขื่อน
8/3/2022 22:00,30.44,3.76,266.6,0.17,วัดคลองเขื่อน
8/3/2022 21:00,30.38,3.72,253.5,0.16,วัดคลองเขื่อน
8/3/2022 20:00,30.44,3.66,261.1,0.17,วัดคลองเขื่อน
8/3/2022 19:00,30.44,3.66,274,0.18,วัดคลองเขื่อน
8/3/2022 18:00,30.5,3.69,268.7,0.17,วัดคลองเขื่อน
8/3/2022 17:00,30.56,3.32,268.2,0.17,วัดคลองเขื่อน
8/3/2022 16:00,30.56,3.32,272.9,0.17,วัดคลองเขื่อน
8/3/2022 15:00,30.56,3.39,281.1,0.18,วัดคลองเขื่อน
8/3/2022 14:00,31.25,3.4,278.2,0.18,วัดคลองเขื่อน
8/3/2022 13:00,30.69,3.41,274.8,0.18,วัดคลองเขื่อน
8/3/2022 12:00,31.56,3.46,273,0.17,วัดคลองเขื่อน
8/3/2022 11:00,31.06,3.47,270.8,0.17,วัดคลองเขื่อน
8/3/2022 10:00,30.88,3.53,266.6,0.17,วัดคลองเขื่อน
8/3/2022 9:00,30.63,3.51,260.4,0.17,วัดคลองเขื่อน
8/3/2022 8:00,30.5,3.56,261.6,0.17,วัดคลองเขื่อน
8/3/2022 7:00,30.5,3.64,259,0.17,วัดคลองเขื่อน
8/3/2022 6:00,30.5,4.03,258.1,0.17,วัดคลองเขื่อน
8/3/2022 5:00,30.56,4.02,265.2,0.17,วัดคลองเขื่อน
8/3/2022 4:00,30.56,4.02,272.2,0.17,วัดคลองเขื่อน
8/3/2022 3:00,30.56,4.03,273.1,0.17,วัดคลองเขื่อน
8/3/2022 2:00,30.56,4.08,272.4,0.17,วัดคลองเขื่อน
8/3/2022 1:00,30.63,4.02,271.3,0.17,วัดคลองเขื่อน
8/3/2022 0:00,30.63,4.07,264.9,0.17,วัดคลองเขื่อน
8/2/2022 23:00,30.63,4.07,259.3,0.17,วัดคลองเขื่อน
8/2/2022 22:00,30.63,4.01,259.2,0.17,วัดคลองเขื่อน
8/2/2022 21:00,30.63,4.02,265.4,0.17,วัดคลองเขื่อน
8/2/2022 20:00,30.63,3.95,263.3,0.17,วัดคลองเขื่อน
8/2/2022 19:00,30.69,3.96,262.1,0.17,วัดคลองเขื่อน
8/2/2022 18:00,30.75,3.93,264.6,0.17,วัดคลองเขื่อน
8/2/2022 17:00,30.75,3.93,267.3,0.17,วัดคลองเขื่อน
8/2/2022 16:00,30.75,3.84,274,0.18,วัดคลองเขื่อน
8/2/2022 15:00,30.88,3.83,273.2,0.17,วัดคลองเขื่อน
8/2/2022 14:00,30.81,3.84,274.8,0.18,วัดคลองเขื่อน
8/2/2022 13:00,30.81,3.87,273,0.17,วัดคลองเขื่อน
8/2/2022 12:00,30.81,3.86,264.7,0.17,วัดคลองเขื่อน
8/2/2022 11:00,31,3.81,251.8,0.16,วัดคลองเขื่อน
8/2/2022 10:00,30.88,3.76,247.6,0.16,วัดคลองเขื่อน
8/2/2022 9:00,30.69,4.1,253.2,0.16,วัดคลองเขื่อน
8/2/2022 8:00,30.75,4.1,252.1,0.16,วัดคลองเขื่อน
8/2/2022 7:00,30.69,4.13,247.3,0.16,วัดคลองเขื่อน
8/2/2022 6:00,30.69,4.19,248.5,0.16,วัดคลองเขื่อน
8/2/2022 5:00,30.69,4.21,252.9,0.16,วัดคลองเขื่อน
8/2/2022 4:00,30.69,4.14,264,0.17,วัดคลองเขื่อน
8/2/2022 3:00,30.69,4.12,262.3,0.17,วัดคลองเขื่อน
8/2/2022 2:00,30.69,4.15,255.5,0.16,วัดคลองเขื่อน
8/2/2022 1:00,30.81,4.12,249.4,0.16,วัดคลองเขื่อน
8/2/2022 0:00,30.88,4.19,242.2,0.16,วัดคลองเขื่อน
8/1/2022 23:00,30.88,4.21,243.5,0.16,วัดคลองเขื่อน
8/1/2022 22:00,30.88,4.17,254,0.16,วัดคลองเขื่อน
8/1/2022 21:00,30.88,4.15,252,0.16,วัดคลองเขื่อน
8/1/2022 20:00,30.88,4.13,253.9,0.16,วัดคลองเขื่อน
8/1/2022 19:00,30.94,4.11,253.5,0.16,วัดคลองเขื่อน
8/1/2022 18:00,31,4.1,264.6,0.17,วัดคลองเขื่อน
8/1/2022 17:00,30.94,4.13,256.1,0.16,วัดคลองเขื่อน
8/1/2022 16:00,30.94,4.1,254.8,0.16,วัดคลองเขื่อน
8/1/2022 15:00,31.06,4.09,258.4,0.17,วัดคลองเขื่อน
8/1/2022 14:00,31,4.12,270.6,0.17,วัดคลองเขื่อน
8/1/2022 13:00,31.06,4.05,268.9,0.17,วัดคลองเขื่อน
8/1/2022 12:00,31.69,4.01,279.7,0.18,วัดคลองเขื่อน
8/1/2022 11:00,31.25,4,277.8,0.18,วัดคลองเขื่อน
8/1/2022 10:00,31.19,3.99,279.3,0.18,วัดคลองเขื่อน
8/1/2022 9:00,30.94,4.03,282.8,0.18,วัดคลองเขื่อน
8/1/2022 8:00,30.69,4.12,279.3,0.18,วัดคลองเขื่อน
8/1/2022 7:00,30.94,4.16,284,0.18,วัดคลองเขื่อน
8/1/2022 6:00,30.94,4.18,289.2,0.19,วัดคลองเขื่อน
8/1/2022 5:00,30.94,4.15,298.1,0.19,วัดคลองเขื่อน
8/1/2022 4:00,30.94,4.13,302.5,0.19,วัดคลองเขื่อน
8/1/2022 3:00,30.88,4.15,303,0.19,วัดคลองเขื่อน
8/1/2022 2:00,30.94,4.22,301.4,0.19,วัดคลองเขื่อน
8/1/2022 1:00,31,4.15,300.7,0.19,วัดคลองเขื่อน
8/1/2022 0:00,31.13,4.17,296.5,0.19,วัดคลองเขื่อน
7/31/2022 23:00,31.13,4.14,289.4,0.19,วัดคลองเขื่อน
7/31/2022 22:00,31.19,4.13,286.4,0.18,วัดคลองเขื่อน
7/31/2022 21:00,31.19,4.08,278.8,0.18,วัดคลองเขื่อน
7/31/2022 20:00,31.13,4.09,262.7,0.17,วัดคลองเขื่อน
7/31/2022 19:00,31.25,4.11,267,0.17,วัดคลองเขื่อน
7/31/2022 18:00,31.25,4.08,276.5,0.18,วัดคลองเขื่อน
7/31/2022 17:00,31.25,4.06,270.3,0.17,วัดคลองเขื่อน
7/31/2022 16:00,31.25,4.08,281,0.18,วัดคลองเขื่อน
7/31/2022 15:00,31.25,4.16,277,0.18,วัดคลองเขื่อน
7/31/2022 14:00,31.13,4.13,287.7,0.18,วัดคลองเขื่อน
7/31/2022 13:00,31.19,4.1,300.4,0.19,วัดคลองเขื่อน
7/31/2022 12:00,31.19,4.12,311.1,0.2,วัดคลองเขื่อน
7/31/2022 11:00,31.13,4.15,315.8,0.2,วัดคลองเขื่อน
7/31/2022 10:00,31.19,4.15,320.7,0.21,วัดคลองเขื่อน
7/31/2022 9:00,31.06,4.17,340.7,0.22,วัดคลองเขื่อน
7/31/2022 8:00,31.06,4.26,343.4,0.22,วัดคลองเขื่อน
7/31/2022 7:00,31.06,4.21,345.8,0.22,วัดคลองเขื่อน
7/31/2022 6:00,31.06,4.22,346.1,0.22,วัดคลองเขื่อน
7/31/2022 5:00,31.06,4.23,339.6,0.22,วัดคลองเขื่อน
7/31/2022 4:00,31.06,4.3,341.3,0.22,วัดคลองเขื่อน
7/31/2022 3:00,31.13,2.3,328.4,0.21,วัดคลองเขื่อน
7/31/2022 2:00,30.88,2.32,268.1,0.17,วัดคลองเขื่อน
7/31/2022 1:00,31.13,2.31,270.9,0.17,วัดคลองเขื่อน
7/31/2022 0:00,31.19,2.31,328,0.21,วัดคลองเขื่อน
7/30/2022 23:00,31.19,2.31,338,0.22,วัดคลองเขื่อน
7/30/2022 22:00,31.19,2.36,326.4,0.21,วัดคลองเขื่อน
7/30/2022 21:00,31.19,2.45,317,0.2,วัดคลองเขื่อน
7/30/2022 20:00,31.13,2.7,303.5,0.19,วัดคลองเขื่อน
7/30/2022 19:00,31.19,2.66,306.7,0.2,วัดคลองเขื่อน
7/30/2022 18:00,31.25,2.89,322.9,0.21,วัดคลองเขื่อน
7/30/2022 17:00,31.25,2.9,332.7,0.21,วัดคลองเขื่อน
7/30/2022 16:00,31.31,2.92,344.5,0.22,วัดคลองเขื่อน
7/30/2022 15:00,31.31,2.91,345.4,0.22,วัดคลองเขื่อน
7/30/2022 14:00,31.31,2.92,336.7,0.22,วัดคลองเขื่อน
7/30/2022 13:00,31.25,2.98,327.9,0.21,วัดคลองเขื่อน
7/30/2022 12:00,31.25,3.07,322.8,0.21,วัดคลองเขื่อน
7/30/2022 11:00,31.31,3.09,317.3,0.2,วัดคลองเขื่อน
7/30/2022 10:00,31.31,3.01,326.2,0.21,วัดคลองเขื่อน
7/30/2022 9:00,31.31,3.07,328.4,0.21,วัดคลองเขื่อน
7/30/2022 8:00,31.25,3.14,353.9,0.23,วัดคลองเขื่อน
7/30/2022 7:00,31.19,3.2,356.5,0.23,วัดคลองเขื่อน
7/30/2022 6:00,31.25,2.59,350.8,0.22,วัดคลองเขื่อน
7/30/2022 5:00,31.25,2.62,356,0.23,วัดคลองเขื่อน
7/30/2022 4:00,31.25,2.29,352.9,0.23,วัดคลองเขื่อน
7/30/2022 3:00,31.31,2.91,387.2,0.25,วัดคลองเขื่อน
7/30/2022 2:00,31.13,2.87,395.4,0.25,วัดคลองเขื่อน
7/30/2022 1:00,31.31,2.79,399,0.26,วัดคลองเขื่อน
7/30/2022 0:00,31.38,2.75,405.2,0.26,วัดคลองเขื่อน
7/29/2022 23:00,31.38,3.45,404.7,0.26,วัดคลองเขื่อน
7/29/2022 22:00,31.38,3.27,382.9,0.25,วัดคลองเขื่อน
7/29/2022 21:00,31.31,3.39,378.8,0.24,วัดคลองเขื่อน
7/29/2022 20:00,31.25,4.31,314,0.2,วัดคลองเขื่อน
7/29/2022 19:00,31.19,4.34,303.3,0.19,วัดคลองเขื่อน
7/29/2022 18:00,31.25,4.31,312.4,0.2,วัดคลองเขื่อน
7/29/2022 17:00,31.38,4.32,325.8,0.21,วัดคลองเขื่อน
7/29/2022 16:00,31.38,4.32,335.7,0.21,วัดคลองเขื่อน
7/29/2022 15:00,31.44,4.33,350.8,0.22,วัดคลองเขื่อน
7/29/2022 14:00,31.44,4.35,364.3,0.23,วัดคลองเขื่อน
7/29/2022 13:00,31.38,4.35,358.5,0.23,วัดคลองเขื่อน
7/29/2022 12:00,31.25,4.37,353.2,0.23,วัดคลองเขื่อน
7/29/2022 11:00,31.25,4.4,352.4,0.23,วัดคลองเขื่อน
7/29/2022 10:00,31.38,4.46,352.5,0.23,วัดคลองเขื่อน
7/29/2022 9:00,31.31,4.5,359.1,0.23,วัดคลองเขื่อน
7/29/2022 8:00,31.06,4.57,366.9,0.23,วัดคลองเขื่อน
7/29/2022 7:00,31.06,4.58,377.7,0.24,วัดคลองเขื่อน
7/29/2022 6:00,31.13,4.64,387,0.25,วัดคลองเขื่อน
7/29/2022 5:00,31.13,4.64,392.9,0.25,วัดคลองเขื่อน
7/29/2022 4:00,31.06,4.66,397.8,0.25,วัดคลองเขื่อน
7/29/2022 3:00,31.06,4.65,418.3,0.27,วัดคลองเขื่อน
7/29/2022 2:00,31.06,4.67,432.1,0.28,วัดคลองเขื่อน
7/29/2022 1:00,31,4.66,433.1,0.28,วัดคลองเขื่อน
7/29/2022 0:00,31.25,4.63,434.6,0.28,วัดคลองเขื่อน
7/28/2022 23:00,31.25,4.63,423.6,0.27,วัดคลองเขื่อน
7/28/2022 22:00,31.31,4.64,414.2,0.27,วัดคลองเขื่อน
7/28/2022 21:00,31.31,4.07,322.8,0.21,วัดคลองเขื่อน
7/28/2022 20:00,31.31,4.05,325.2,0.21,วัดคลองเขื่อน
7/28/2022 19:00,31.25,4.04,319,0.2,วัดคลองเขื่อน
7/28/2022 18:00,31.31,4.03,321.8,0.21,วัดคลองเขื่อน
7/28/2022 17:00,31.31,4.04,319.7,0.2,วัดคลองเขื่อน
7/28/2022 16:00,31.31,4.03,323.5,0.21,วัดคลองเขื่อน
7/28/2022 15:00,31.38,4.04,324.4,0.21,วัดคลองเขื่อน
7/28/2022 14:00,31.31,4.07,334,0.21,วัดคลองเขื่อน
7/28/2022 13:00,31.25,4.06,351.6,0.23,วัดคลองเขื่อน
7/28/2022 12:00,31.19,4.08,356.4,0.23,วัดคลองเขื่อน
7/28/2022 11:00,31.06,4.09,358.8,0.23,วัดคลองเขื่อน
7/28/2022 10:00,31,4.07,350.3,0.22,วัดคลองเขื่อน
7/28/2022 9:00,31.06,4.05,351.6,0.23,วัดคลองเขื่อน
7/28/2022 8:00,30.94,4.02,349.5,0.22,วัดคลองเขื่อน
7/28/2022 7:00,30.88,4.08,355.2,0.23,วัดคลองเขื่อน
7/28/2022 6:00,30.94,4.1,353.1,0.23,วัดคลองเขื่อน
7/28/2022 5:00,30.94,4.09,355.8,0.23,วัดคลองเขื่อน
7/28/2022 4:00,30.94,4.07,357.1,0.23,วัดคลองเขื่อน
7/28/2022 3:00,30.88,4.06,358.9,0.23,วัดคลองเขื่อน
7/28/2022 2:00,30.94,4.04,357.1,0.23,วัดคลองเขื่อน
7/28/2022 1:00,30.44,4.05,351.5,0.22,วัดคลองเขื่อน
7/28/2022 0:00,30.88,4.02,354.3,0.23,วัดคลองเขื่อน
7/27/2022 23:00,31.06,4.03,354.7,0.23,วัดคลองเขื่อน
7/27/2022 22:00,31.06,4.04,349.7,0.22,วัดคลองเขื่อน
7/27/2022 21:00,31.06,4.06,346.1,0.22,วัดคลองเขื่อน
7/27/2022 19:30,31.06,4.08,350.2,0.22,วัดคลองเขื่อน
7/27/2022 18:30,31.19,4.1,353.1,0.23,วัดคลองเขื่อน
7/27/2022 17:30,31.13,4.09,350.5,0.22,วัดคลองเขื่อน
7/27/2022 16:30,31.25,4.07,342.9,0.22,วัดคลองเขื่อน
7/27/2022 15:30,31.19,4.07,337.7,0.22,วัดคลองเขื่อน
7/27/2022 14:30,31.13,4.07,336.3,0.22,วัดคลองเขื่อน
7/27/2022 13:30,31,4.06,349.7,0.22,วัดคลองเขื่อน
7/27/2022 12:30,31,4.04,353.9,0.23,วัดคลองเขื่อน
7/27/2022 11:30,30.88,4.06,355.7,0.23,วัดคลองเขื่อน
7/27/2022 10:30,30.94,4.07,359.1,0.23,วัดคลองเขื่อน
7/27/2022 9:30,30.88,4.08,344.6,0.22,วัดคลองเขื่อน
7/27/2022 8:30,30.75,4.09,330,0.21,วัดคลองเขื่อน
7/27/2022 7:30,30.75,4.11,324.8,0.21,วัดคลองเขื่อน
7/27/2022 6:30,30.75,4.12,329,0.21,วัดคลองเขื่อน
7/27/2022 5:30,30.81,4.12,333.6,0.21,วัดคลองเขื่อน
7/27/2022 4:30,30.75,4.12,334.7,0.21,วัดคลองเขื่อน
7/27/2022 3:30,30.75,4.12,342.5,0.22,วัดคลองเขื่อน
7/27/2022 2:30,30.75,4.11,359.5,0.23,วัดคลองเขื่อน
7/27/2022 1:30,30.81,4.12,357.9,0.23,วัดคลองเขื่อน
7/27/2022 0:30,30.88,4.13,357.5,0.23,วัดคลองเขื่อน
7/26/2022 23:30,30.81,4.11,359.7,0.23,วัดคลองเขื่อน
7/26/2022 22:30,30.81,4.11,362.2,0.23,วัดคลองเขื่อน
7/26/2022 21:30,30.88,4.11,358,0.23,วัดคลองเขื่อน
7/26/2022 20:30,30.88,4.11,363.6,0.23,วัดคลองเขื่อน
7/26/2022 19:30,30.88,4.13,355.2,0.23,วัดคลองเขื่อน
7/26/2022 18:30,30.88,4.14,353.1,0.23,วัดคลองเขื่อน
7/26/2022 17:30,30.88,4.2,325,0.21,วัดคลองเขื่อน
7/26/2022 16:30,30.75,4.18,326.6,0.21,วัดคลองเขื่อน
7/26/2022 15:30,30.88,4.19,325.6,0.21,วัดคลองเขื่อน
7/26/2022 14:30,30.88,4.18,336,0.22,วัดคลองเขื่อน
7/26/2022 13:30,30.81,4.17,344.6,0.22,วัดคลองเขื่อน
7/26/2022 12:30,30.75,4.17,348.9,0.22,วัดคลองเขื่อน
7/26/2022 11:30,30.69,4.15,358.2,0.23,วัดคลองเขื่อน
7/26/2022 10:30,30.63,4.18,343.9,0.22,วัดคลองเขื่อน
7/26/2022 9:30,30.56,4.2,338.8,0.22,วัดคลองเขื่อน
7/26/2022 8:30,30.56,4.2,340.8,0.22,วัดคลองเขื่อน
7/26/2022 7:30,30.5,4.24,343.9,0.22,วัดคลองเขื่อน
7/26/2022 6:30,30.44,4.28,349.9,0.22,วัดคลองเขื่อน
7/26/2022 5:30,30.5,4.29,350.6,0.22,วัดคลองเขื่อน
7/26/2022 4:30,30.56,4.27,348.8,0.22,วัดคลองเขื่อน
7/26/2022 3:30,30.56,4.29,346.9,0.22,วัดคลองเขื่อน
7/26/2022 2:30,30.56,4.27,345.7,0.22,วัดคลองเขื่อน
7/26/2022 1:30,30.56,4.27,348.5,0.22,วัดคลองเขื่อน
7/26/2022 0:30,30.63,4.25,348.5,0.22,วัดคลองเขื่อน
7/25/2022 23:30,30.56,4.28,346.2,0.22,วัดคลองเขื่อน
7/25/2022 22:30,30.63,4.25,348.3,0.22,วัดคลองเขื่อน
7/25/2022 21:30,30.63,4.27,347.1,0.22,วัดคลองเขื่อน
7/25/2022 20:30,30.63,4.24,349.5,0.22,วัดคลองเขื่อน
7/25/2022 19:30,30.56,4.22,343.5,0.22,วัดคลองเขื่อน
7/25/2022 18:30,30.56,4.22,343.3,0.22,วัดคลองเขื่อน
7/25/2022 17:30,30.75,4.22,337.8,0.22,วัดคลองเขื่อน
7/25/2022 16:30,30.69,4.17,330,0.21,วัดคลองเขื่อน
7/25/2022 15:30,30.94,4.19,331.4,0.21,วัดคลองเขื่อน
7/25/2022 14:30,30.56,4.18,341.5,0.22,วัดคลองเขื่อน
7/25/2022 13:30,30.5,4.19,343,0.22,วัดคลองเขื่อน
7/25/2022 12:30,30.44,4.22,347.1,0.22,วัดคลองเขื่อน
7/25/2022 11:30,30.44,4.22,343.6,0.22,วัดคลองเขื่อน
7/25/2022 10:30,30.38,4.22,348.4,0.22,วัดคลองเขื่อน
7/25/2022 9:30,30.38,4.22,350.5,0.22,วัดคลองเขื่อน
7/25/2022 8:30,30.25,4.23,369.3,0.24,วัดคลองเขื่อน
7/25/2022 7:30,30.31,4.25,370.1,0.24,วัดคลองเขื่อน
7/25/2022 6:30,30.25,4.26,359.3,0.23,วัดคลองเขื่อน
7/25/2022 5:30,30.31,4.27,353.3,0.23,วัดคลองเขื่อน
7/25/2022 4:30,30.38,4.26,349.7,0.22,วัดคลองเขื่อน
7/25/2022 3:30,30.38,4.27,347.4,0.22,วัดคลองเขื่อน
7/25/2022 2:30,30.31,4.28,349.2,0.22,วัดคลองเขื่อน
7/25/2022 1:30,30.31,4.28,354.5,0.23,วัดคลองเขื่อน
7/25/2022 0:30,30.38,4.28,359,0.23,วัดคลองเขื่อน
7/24/2022 23:30,30.44,4.27,363.7,0.23,วัดคลองเขื่อน
7/24/2022 22:30,30.44,4.3,360.4,0.23,วัดคลองเขื่อน
7/24/2022 21:30,30.13,4.29,356.1,0.23,วัดคลองเขื่อน
7/24/2022 20:30,30.25,4.27,350.7,0.22,วัดคลองเขื่อน
7/24/2022 19:30,30.31,4.28,345.2,0.22,วัดคลองเขื่อน
7/24/2022 18:30,30.56,4.28,340.8,0.22,วัดคลองเขื่อน
7/24/2022 17:30,30.69,4.23,341.7,0.22,วัดคลองเขื่อน
7/24/2022 16:30,31.38,4.24,344.4,0.22,วัดคลองเขื่อน
7/24/2022 15:00,31.25,4.23,344.9,0.22,วัดคลองเขื่อน
7/24/2022 14:00,30.5,4.23,347.3,0.22,วัดคลองเขื่อน
7/24/2022 13:00,30.31,4.24,355.9,0.23,วัดคลองเขื่อน
7/24/2022 12:00,30.31,4.26,362.9,0.23,วัดคลองเขื่อน
7/24/2022 11:00,30.31,4.26,359.2,0.23,วัดคลองเขื่อน
7/24/2022 10:00,30.25,4.21,358.5,0.23,วัดคลองเขื่อน
7/24/2022 9:00,30.19,4.23,347.4,0.22,วัดคลองเขื่อน
7/24/2022 8:00,30.06,4.25,353.3,0.23,วัดคลองเขื่อน
7/24/2022 7:00,30,4.27,348.6,0.22,วัดคลองเขื่อน
7/24/2022 6:00,30,4.3,347,0.22,วัดคลองเขื่อน
7/24/2022 5:00,30.06,4.31,342.4,0.22,วัดคลองเขื่อน
7/24/2022 4:00,30.19,4.28,349.2,0.22,วัดคลองเขื่อน
7/24/2022 3:00,30.19,4.3,339,0.22,วัดคลองเขื่อน
7/24/2022 2:00,30.06,4.3,326.2,0.21,วัดคลองเขื่อน
7/24/2022 1:00,30.19,4.29,338.6,0.22,วัดคลองเขื่อน
7/23/2022 23:00,30.19,4.32,356.1,0.23,วัดคลองเขื่อน
7/23/2022 22:00,30.19,4.3,366.7,0.23,วัดคลองเขื่อน
7/23/2022 21:00,30.25,4.3,375.7,0.24,วัดคลองเขื่อน
7/23/2022 20:00,30.25,4.29,375.5,0.24,วัดคลองเขื่อน
7/23/2022 19:00,30.19,4.29,375.1,0.24,วัดคลองเขื่อน
7/23/2022 18:00,30.19,3.68,342.6,0.22,วัดคลองเขื่อน
7/23/2022 17:00,30.19,3.64,333.1,0.21,วัดคลองเขื่อน
7/23/2022 16:00,30.06,2.93,329.5,0.21,วัดคลองเขื่อน
7/23/2022 15:00,30.25,2.91,348.1,0.22,วัดคลองเขื่อน
7/23/2022 14:00,30.44,2.89,351.2,0.22,วัดคลองเขื่อน
7/23/2022 13:00,30.31,2.93,342.9,0.22,วัดคลองเขื่อน
7/23/2022 12:00,30.31,2.91,330.8,0.21,วัดคลองเขื่อน
7/23/2022 11:00,30.25,2.93,344.1,0.22,วัดคลองเขื่อน
7/23/2022 10:00,30.31,2.92,338.3,0.22,วัดคลองเขื่อน
7/23/2022 9:00,30.19,2.92,340,0.22,วัดคลองเขื่อน
7/23/2022 8:00,30.19,2.91,328.8,0.21,วัดคลองเขื่อน
7/23/2022 7:00,30.25,2.93,325,0.21,วัดคลองเขื่อน
7/23/2022 6:00,30.25,2.94,341.6,0.22,วัดคลองเขื่อน
7/23/2022 5:00,30.31,2.93,350.6,0.22,วัดคลองเขื่อน
7/23/2022 4:00,30.25,2.92,347.9,0.22,วัดคลองเขื่อน
7/23/2022 3:00,30.25,2.93,348.8,0.22,วัดคลองเขื่อน
7/23/2022 2:00,30.38,2.97,345.7,0.22,วัดคลองเขื่อน
7/23/2022 1:00,30.31,2.99,332.6,0.21,วัดคลองเขื่อน
7/23/2022 0:00,30.38,3,327.5,0.21,วัดคลองเขื่อน
7/22/2022 23:00,30.44,4.18,328.5,0.21,วัดคลองเขื่อน
7/22/2022 22:00,30.44,2.87,329.4,0.21,วัดคลองเขื่อน
7/22/2022 21:00,30.38,2.94,322.6,0.21,วัดคลองเขื่อน
7/22/2022 20:00,30.38,2.94,329.1,0.21,วัดคลองเขื่อน
7/22/2022 19:00,30.5,2.95,344.3,0.22,วัดคลองเขื่อน
7/22/2022 18:00,30.56,2.89,346.7,0.22,วัดคลองเขื่อน
7/22/2022 17:00,30.44,2.91,379.6,0.24,วัดคลองเขื่อน
7/22/2022 16:00,31.38,2.94,356.3,0.23,วัดคลองเขื่อน
7/22/2022 15:00,31.75,2.88,383.5,0.25,วัดคลองเขื่อน
7/22/2022 14:00,30.44,2.34,327.3,0.21,วัดคลองเขื่อน
7/22/2022 13:00,30.5,2.34,326.6,0.21,วัดคลองเขื่อน
7/22/2022 12:00,30.5,2.34,328.2,0.21,วัดคลองเขื่อน
7/22/2022 11:00,30.44,2.35,333.3,0.21,วัดคลองเขื่อน
7/22/2022 10:00,30.31,2.36,344.1,0.22,วัดคลองเขื่อน
7/22/2022 9:00,30.19,2.4,345.7,0.22,วัดคลองเขื่อน
7/22/2022 8:00,30.13,2.42,349.4,0.22,วัดคลองเขื่อน
7/22/2022 7:00,30.19,2.42,340.3,0.22,วัดคลองเขื่อน
7/22/2022 6:00,30.19,2.46,336,0.22,วัดคลองเขื่อน
7/22/2022 5:00,30.19,2.49,335.9,0.21,วัดคลองเขื่อน
7/22/2022 4:00,30.19,2.49,331.6,0.21,วัดคลองเขื่อน
7/22/2022 3:00,30.25,2.49,328.2,0.21,วัดคลองเขื่อน
7/22/2022 2:00,30.25,2.49,327.8,0.21,วัดคลองเขื่อน
7/22/2022 1:00,30.25,2.43,330.1,0.21,วัดคลองเขื่อน
7/22/2022 0:00,30.25,2.45,335.8,0.21,วัดคลองเขื่อน
7/21/2022 23:00,30.31,2.48,346.2,0.22,วัดคลองเขื่อน
7/21/2022 22:00,30.25,2.47,345.8,0.22,วัดคลองเขื่อน
7/21/2022 21:00,30.25,2.46,347.5,0.22,วัดคลองเขื่อน
7/21/2022 20:00,30.31,2.46,343.7,0.22,วัดคลองเขื่อน
7/21/2022 19:00,30.31,2.44,336.9,0.22,วัดคลองเขื่อน
7/21/2022 18:00,30.38,2.45,337.6,0.22,วัดคลองเขื่อน
7/21/2022 17:00,30.38,2.48,333.3,0.21,วัดคลองเขื่อน
7/21/2022 16:00,30.44,2.45,332.3,0.21,วัดคลองเขื่อน
7/21/2022 15:00,30.5,2.46,332.2,0.21,วัดคลองเขื่อน
7/21/2022 14:00,30.44,2.46,326.2,0.21,วัดคลองเขื่อน
7/21/2022 13:00,30.31,2.45,321.2,0.21,วัดคลองเขื่อน
7/21/2022 12:00,30.38,2.44,328,0.21,วัดคลองเขื่อน
7/21/2022 11:00,30.44,2.47,332.1,0.21,วัดคลองเขื่อน
7/21/2022 10:00,30.5,2.49,347.1,0.22,วัดคลองเขื่อน
7/21/2022 9:00,30.44,2.47,353.9,0.23,วัดคลองเขื่อน
7/21/2022 8:00,30.44,2.5,349.9,0.22,วัดคลองเขื่อน
7/21/2022 7:00,30.44,2.55,346,0.22,วัดคลองเขื่อน
7/21/2022 6:00,30.44,2.54,352.7,0.23,วัดคลองเขื่อน
7/21/2022 5:00,30.44,2.55,358,0.23,วัดคลองเขื่อน
7/21/2022 4:00,30.5,1.85,351.5,0.22,วัดคลองเขื่อน
7/21/2022 3:00,30.56,1.91,348.2,0.22,วัดคลองเขื่อน
7/21/2022 2:00,30.69,2.42,338.4,0.22,วัดคลองเขื่อน
7/21/2022 1:00,30.56,2.43,338.9,0.22,วัดคลองเขื่อน
7/21/2022 0:00,30.56,2.21,345.8,0.22,วัดคลองเขื่อน
7/20/2022 23:00,30.44,2.22,338.4,0.22,วัดคลองเขื่อน
7/20/2022 22:00,30.25,2.07,300.4,0.19,วัดคลองเขื่อน
7/20/2022 21:00,30.75,2.32,337.5,0.22,วัดคลองเขื่อน
7/20/2022 20:00,30.75,2.41,353.1,0.23,วัดคลองเขื่อน
7/20/2022 19:00,30.81,2.3,364.4,0.23,วัดคลองเขื่อน
7/20/2022 18:00,30.75,2.33,359,0.23,วัดคลองเขื่อน
7/20/2022 17:00,30.69,2.39,357.1,0.23,วัดคลองเขื่อน
7/20/2022 16:00,31.56,2.59,364.8,0.23,วัดคลองเขื่อน
7/20/2022 15:00,30.69,2.22,351.2,0.22,วัดคลองเขื่อน
7/20/2022 14:00,31.69,2.12,355.5,0.23,วัดคลองเขื่อน
7/20/2022 13:00,31.81,2.45,360.2,0.23,วัดคลองเขื่อน
7/20/2022 12:00,31.06,2.31,354,0.23,วัดคลองเขื่อน
7/20/2022 11:00,30.94,2.44,361,0.23,วัดคลองเขื่อน
7/20/2022 10:00,30.63,2.4,362.2,0.23,วัดคลองเขื่อน
7/20/2022 9:00,30.56,2.46,361.6,0.23,วัดคลองเขื่อน
7/20/2022 8:00,30.44,2.38,377.3,0.24,วัดคลองเขื่อน
7/20/2022 7:00,30.38,2.51,379.5,0.24,วัดคลองเขื่อน
7/20/2022 6:00,30.44,2.39,382.8,0.24,วัดคลองเขื่อน
7/20/2022 5:00,30.5,2.66,385,0.25,วัดคลองเขื่อน
7/20/2022 4:00,30.5,2.68,380.9,0.24,วัดคลองเขื่อน
7/20/2022 3:00,30.5,2.7,378.8,0.24,วัดคลองเขื่อน
7/20/2022 2:00,30.56,2.69,373.4,0.24,วัดคลองเขื่อน
7/20/2022 1:00,30.5,2.68,372.5,0.24,วัดคลองเขื่อน
7/20/2022 0:00,30.5,2.66,376,0.24,วัดคลองเขื่อน
7/19/2022 23:00,30.56,2.66,372,0.24,วัดคลองเขื่อน
7/19/2022 22:00,30.56,2.53,366.4,0.23,วัดคลองเขื่อน
7/19/2022 21:00,30.56,2.24,364.4,0.23,วัดคลองเขื่อน
7/19/2022 20:00,30.56,4.38,339,0.22,วัดคลองเขื่อน
7/19/2022 19:00,30.63,4.38,349.8,0.22,วัดคลองเขื่อน
7/19/2022 18:00,30.56,4.35,349.8,0.22,วัดคลองเขื่อน
7/19/2022 17:00,30.63,4.35,347.3,0.22,วัดคลองเขื่อน
7/19/2022 16:00,30.56,4.33,344.8,0.22,วัดคลองเขื่อน
7/19/2022 15:00,31.38,4.36,352.4,0.23,วัดคลองเขื่อน
7/19/2022 14:00,31.69,4.28,361.6,0.23,วัดคลองเขื่อน
7/19/2022 13:00,30.81,4.34,356.2,0.23,วัดคลองเขื่อน
7/19/2022 12:00,31.69,4.47,354.3,0.23,วัดคลองเขื่อน
7/19/2022 11:00,30.81,1.75,352.8,0.23,วัดคลองเขื่อน
7/19/2022 10:00,30.31,2.22,340,0.22,วัดคลองเขื่อน
7/19/2022 9:00,30.31,2.22,340,0.22,วัดคลองเขื่อน
7/19/2022 8:00,30.31,2.22,340,0.22,วัดคลองเขื่อน
7/19/2022 7:00,30.31,2.22,340,0.22,วัดคลองเขื่อน
7/19/2022 6:00,30.38,2.24,342.8,0.22,วัดคลองเขื่อน
7/19/2022 5:00,30.44,2.27,342.6,0.22,วัดคลองเขื่อน
7/19/2022 4:00,30.44,2.3,339,0.22,วัดคลองเขื่อน
7/19/2022 3:00,30.44,2.29,339.8,0.22,วัดคลองเขื่อน
7/19/2022 2:00,30.44,2.26,335.8,0.21,วัดคลองเขื่อน
7/19/2022 1:00,30.38,2.24,336.9,0.22,วัดคลองเขื่อน
7/19/2022 0:00,30.44,2.21,332.6,0.21,วัดคลองเขื่อน
7/18/2022 23:00,30.38,2.18,330.2,0.21,วัดคลองเขื่อน
7/18/2022 22:00,30.31,2.17,331.4,0.21,วัดคลองเขื่อน
7/18/2022 21:00,30.25,2.18,334.2,0.21,วัดคลองเขื่อน
7/18/2022 20:00,30.31,2.16,342.2,0.22,วัดคลองเขื่อน
7/18/2022 19:00,30.5,2.17,352.1,0.23,วัดคลองเขื่อน
7/18/2022 18:00,30.5,2.19,347.2,0.22,วัดคลองเขื่อน
7/18/2022 17:00,30.44,1.9,339.8,0.22,วัดคลองเขื่อน
7/18/2022 16:00,30.5,2.43,340.4,0.22,วัดคลองเขื่อน
7/18/2022 15:00,30.38,2.31,343.3,0.22,วัดคลองเขื่อน
7/18/2022 14:00,31.13,1.72,353.4,0.23,วัดคลองเขื่อน
7/18/2022 13:00,30.5,1.99,345.6,0.22,วัดคลองเขื่อน
7/18/2022 12:00,30.69,2.39,339.5,0.22,วัดคลองเขื่อน
7/18/2022 11:00,31.44,3.39,339.1,0.22,วัดคลองเขื่อน
7/18/2022 10:00,30.5,3.56,332.9,0.21,วัดคลองเขื่อน
7/18/2022 9:00,30.19,3.52,333.2,0.21,วัดคลองเขื่อน
7/18/2022 8:00,30.25,4.89,416.1,0.27,วัดคลองเขื่อน
7/18/2022 7:00,30.25,4.89,416.1,0.27,วัดคลองเขื่อน
